City Name,Count,Lat,Lng
"San Francisco | California",2549,37.6863472688172,-122.32924543010762
"New York | New York",2053,40.75604430597011,-73.98603002238791
"Palo Alto | California",450,37.3613428,-122.0120871
"Boston | Massachusetts",437,42.344929431034494,-71.0072793448276
"Los Angeles | California",435,33.970957901639345,-118.2955813852459
"Seattle | Washington",414,47.57233999999998,-122.23779357500025
"Austin | Texas",392,30.326505816091935,-97.73459402298853
"Chicago | Illinois",389,41.84789181188118,-87.67456791089113
"Mountain View | California",354,36.89368714285714,-121.24240442857142
"Cambridge | Massachusetts",290,42.394734142857146,-71.20797742857143
"San Diego | California",285,32.85711492380955,-117.0373063142857
"San Jose | California",281,37.27882654545458,-121.81902791919192
"Sunnyvale | California",231,36.44597763636364,-120.9633987272727
"Redwood City | California",225,37.408986375,-122.208050875
"San Mateo | California",223,37.51738553465349,-122.27439284158432
"Atlanta | Georgia",209,33.822957218487396,-84.40122060504198
"Santa Clara | California",205,36.03870546666666,-120.4834217333333
"Santa Monica | California",190,34.00564420792088,-118.47945371287105
"Menlo Park | California",146,37.405523200000005,-122.2429684
"Denver | Colorado",145,39.7435037525773,-104.87196895876285
"Boulder | Colorado",139,40.05887675,-105.3353618125
"Washington | District of Columbia",128,38.89608695207664,-77.02109777635782
"Pittsburgh | Pennsylvania",121,40.43973607874018,-79.99431141732298
"Philadelphia | Pennsylvania",118,39.99389995041322,-75.14207979338846
"Portland | Oregon",118,45.52501525742577,-122.60847207920801
"Dallas | Texas",116,32.78261020000005,-96.7855127333334
"Miami | Florida",105,25.742200186567135,-80.2809166492538
"Oakland | California",93,37.78064285000003,-122.20169248333347
"Nashville | Tennessee",90,36.16233242201846,-86.7883665412843
"Houston | Texas",84,29.798803752525277,-95.423416989899
"Irvine | California",84,33.685958052631584,-117.80229826315791
"Berkeley | California",79,37.85538554545454,-122.239959
"Durham | North Carolina",77,35.995299059405895,-78.89688959405923
"Baltimore | Maryland",77,39.30155074712636,-76.61634412643693
"St Louis | Missouri",73,38.63711316406252,-90.29315422656232
"Waltham | Massachusetts",73,42.39304071428571,-71.26560157142856
"Minneapolis | Minnesota",72,44.992356927272795,-93.32185210000003
"Las Vegas | Nevada",68,36.09128086315788,-115.13999633684203
"Bellevue | Washington",66,47.528740222222225,-122.05542744444445
"Cincinnati | Ohio",63,39.16670147863244,-84.48728758119657
"Salt Lake City | Utah",62,40.721880351351416,-111.8860414864862
"Fremont | California",57,37.561941833333336,-121.97705233333333
"Raleigh | North Carolina",55,35.78937827358497,-78.66866387735841
"Cleveland | Ohio",55,41.530907273809525,-81.6741552380952
"Ann Arbor | Michigan",53,42.26670200000001,-83.77982425
"Scottsdale | Arizona",52,33.535880000000006,-111.93007825
"Indianapolis | Indiana",50,39.7890888739496,-86.14457999159647
"Madison | Wisconsin",50,43.09615207142857,-89.33658666666668
"Cupertino | California",48,37.248003,-121.8929775
"Burlingame | California",47,37.44312466666667,-122.34574099999999
"South San Francisco | California",46,37.517347,-122.381818
"Venice | California",45,33.95050500000001,-118.4288184
"Columbus | Ohio",45,39.98798588235293,-82.99161072549018
"Campbell | California",42,37.219118333333334,-121.788585
"Reston | Virginia",42,38.885894857142866,-77.31305942857144
"Providence | Rhode Island",40,41.824090531914884,-71.41590804255316
"Pasadena | California",38,33.89060497142859,-118.25153325714285
"Arlington | Virginia",38,38.88523771428573,-77.0888238775509
"Culver City | California",36,33.89768125,-118.34582125
"Los Altos | California",36,37.31969575,-122.020386
"Milpitas | California",35,37.4466305,-121.8878105
"Emeryville | California",35,37.7570285,-122.10848899999999
"Phoenix | Arizona",35,33.427967682692326,-112.11938641346163
"Pleasanton | California",34,38.12446866666667,-121.68143283333335
"Mclean | Virginia",34,38.91812816666667,-77.214829
"Wilmington | Delaware",34,39.72077932727268,-75.5581887999998
"Burlington | Massachusetts",33,42.47562,-71.330472
"San Antonio | Texas",33,29.45877908928571,-98.491555875
"Bethesda | Maryland",32,39.03532987500001,-77.13915762499998
"Tampa | Florida",30,27.943984825688048,-82.46154118348623
"Orlando | Florida",30,28.525636824175837,-81.32677638461541
"Santa Barbara | California",30,34.41388379120873,-119.70731310988994
"El Segundo | California",29,33.91918,-118.41647
"Los Gatos | California",29,37.2026228,-121.9166678
"Brooklyn | New York",29,40.632167,-73.941757
"Memphis | Tennessee",29,35.15792825961543,-89.98451973076907
"La Jolla | California",28,32.831576,-117.280321
"Beverly Hills | California",28,33.9605972,-118.35964820000001
"Charlotte | North Carolina",27,35.23660438000006,-80.82095507000007
"San Carlos | California",27,37.438802499999994,-122.30369049999999
"Kansas City | Missouri",27,39.102534747252754,-94.50616148351655
"Detroit | Michigan",27,42.31629300000002,-83.09280860674146
"Charlottesville | Virginia",26,38.04959508333334,-78.49107016666667
"Lexington | Massachusetts",26,42.443147749999994,-71.2765435
"Alpharetta | Georgia",25,33.603334875,-84.29661099999998
"Somerville | Massachusetts",25,42.3881515,-71.103286
"Fort Lauderdale | Florida",25,26.13097243103448,-80.25729362068967
"Carlsbad | California",25,33.08772483333333,-117.14134083333335
"Morrisville | North Carolina",24,35.447622833333334,-79.663106
"Hayward | California",24,37.66477149999999,-122.02659009999999
"Herndon | Virginia",23,38.800666,-77.12938688888887
"San Bruno | California",23,34.34472529629637,-117.38575899074073
"Chattanooga | Tennessee",23,35.05323935922335,-85.29703058252439
"Rockville | Maryland",23,39.09906407692308,-77.16212369230769
"Woburn | Massachusetts",23,42.457272124999996,-71.383038875
"Redmond | Washington",23,47.611813125000005,-121.975576375
"Kirkland | Washington",23,47.655259049999984,-122.11852420000002
"Princeton | New Jersey",22,40.328367,-74.66174266666667
"Newton | Massachusetts",22,42.34597058333333,-71.28965008333334
"Lincoln | Nebraska",21,40.80610053921572,-96.67478216666657
"Stamford | Connecticut",21,41.15412203999999,-73.47503851999998
"Foster City | California",20,37.5702726,-122.2572964
"Plano | Texas",20,33.00615186363637,-96.66576190909086
"Provo | Utah",20,40.24782542857143,-111.64726214285714
"Boca Raton | Florida",19,26.596609588235296,-80.2943140588235
"Vienna | Virginia",19,38.656203250000004,-77.87337174999999
"Richardson | Texas",18,32.616224125,-96.6328455
"Tucson | Arizona",18,32.16796183076923,-111.11997687692308
"West Hollywood | California",17,34.027085,-118.44841966666667
"Newark | California",17,37.534102,-122.025352
"Lehi | Utah",17,40.4003705,-111.861727
"New Orleans | Louisiana",17,30.025913797979797,-89.95629093939395
"Albuquerque | New Mexico",17,35.080577234693926,-106.64211978571443
"Louisville | Kentucky",17,38.214776575221265,-85.70062710619459
"Saint Louis | Missouri",17,38.63711316406252,-90.29315422656232
"Milwaukee | Wisconsin",17,43.04416807920797,-87.9122900000001
"Newport Beach | California",16,33.615402,-117.88243912500002
"Sausalito | California",16,37.928997,-122.59385033333335
"Omaha | Nebraska",16,41.2663845346534,-96.01626293069307
"Charleston | South Carolina",16,32.84740291666666,-79.95214491666665
"California City | California",16,35.40455866666667,-118.14621566666666
"Franklin | Tennessee",16,35.90614516666667,-86.90416166666667
"San Ramon | California",16,37.77381866666666,-121.92950366666666
"Alexandria | Virginia",16,38.80325654545447,-77.05581529292938
"Malvern | Pennsylvania",15,40.054413,-75.5182535
"Aliso Viejo | California",15,33.608253500000004,-117.74990299999999
"Champaign | Illinois",15,40.123352714285716,-88.26018771428572
"New Haven | Connecticut",15,41.34142727272727,-72.92128893939397
"Marlborough | Massachusetts",14,42.5329245,-71.259285
"Miami Beach | Florida",14,25.761964714285714,-80.19231542857143
"Irving | Texas",14,32.81605262499999,-96.90232037499999
"Santa Cruz | California",14,36.63020977777778,-121.39015833333332
"Gaithersburg | Maryland",14,39.15306641176472,-77.20165688235296
"Newark | Delaware",14,39.63513918750001,-75.68011499999999
"Englewood | Colorado",14,39.657997040000026,-104.88662559999999
"Broomfield | Colorado",14,39.93213433333334,-105.06600666666667
"Boise | Idaho",14,43.51276294736842,-116.22681792105267
"Louisville | Colorado",13,40.0193915,-105.26629249999999
"Bedford | Massachusetts",13,42.5034275,-71.27353049999999
"Birmingham | Alabama",13,33.52241570786516,-86.85777575280896
"Fayetteville | Arkansas",13,36.044621799999994,-94.1720816
"Richmond | Virginia",13,37.54978031818182,-77.46787586363622
"Sacramento | California",13,38.46863620567375,-121.45240475886501
"Jersey City | New Jersey",13,40.727790470588154,-74.07611338235307
"Brentwood | Tennessee",12,35.928767,-86.8618115
"Draper | Utah",12,40.506148,-111.869671
"Hoboken | New Jersey",12,40.746851,-74.033934
"Jacksonville | Florida",12,30.31990186725659,-81.6574476106194
"Chandler | Arizona",12,33.28163611111111,-111.87322322222222
"Wayne | Pennsylvania",12,40.03108099999999,-75.3833912
"Calabasas | California",11,33.954952,-118.484845
"Greenville | South Carolina",11,34.8488390909091,-82.38963045454544
"Brisbane | California",11,37.689182,-122.404332
"Columbia | Maryland",11,39.281357,-76.7251205
"Acton | Massachusetts",11,42.48509,-71.43284
"Walnut | California",11,33.86384733333333,-118.15074800000001
"Tulsa | Oklahoma",11,36.142547744680776,-95.97981095744677
"Kansas City | Kansas",11,39.11233093137262,-94.64194445098032
"Addison | Texas",10,32.96179,-96.82917
"Westlake Village | California",10,34.061161,-118.79179939999999
"Overland Park | Kansas",10,39.02315,-94.669467
"Andover | Massachusetts",10,42.6450014,-71.11948280000001
"Gainesville | Florida",10,29.709735681818184,-82.45000495454548
"Laguna Hills | California",10,33.603437333333325,-117.72128766666667
"Costa Mesa | California",10,33.65548833333333,-117.86697266666665
"Torrance | California",10,33.834470510000045,-118.33824016000013
"Oklahoma City | Oklahoma",10,35.49985017894737,-97.47566255789484
"Fairfax | Virginia",10,38.828656933333335,-77.29848726666665
"Colorado Springs | Colorado",10,38.83022245762712,-104.67752994915256
"Wellesley | Massachusetts",10,42.30007966666667,-71.30081799999999
"Manchester | New Hampshire",10,42.99331294845368,-71.46273682474236
"Saint Paul | Minnesota",10,44.954542686956536,-93.09833792173924
"Beaverton | Oregon",10,45.49293081818183,-122.85360154545455
"Redwood Shores | California",9,37.5329457,-122.264781
"Marina Del Rey | California",9,33.8828005,-118.37825699999999
"Cary | North Carolina",9,35.5276825,-78.7149
"Alameda | California",9,37.7528255,-122.253923
"Davis | California",9,38.5868375,-121.8800005
"Greenwood Village | Colorado",9,39.645995,-105.011411
"King Of Prussia | Pennsylvania",9,40.061183,-75.49916333333334
"Orem | Utah",9,40.2757268,-111.675477
"Fort Collins | Colorado",9,40.5646998,-105.1839831
"Plymouth | Minnesota",9,45.010519,-93.455509
"Tempe | Arizona",9,33.36573644444445,-111.98951422222224
"San Clemente | California",9,33.44059766666667,-117.61835
"Knoxville | Tennessee",9,35.96464242056076,-83.93588985981307
"San Rafael | California",9,38.00383130769229,-122.5672350769231
"Santa Rosa | California",9,38.45744472727273,-122.74012663636363
"Sandy | Utah",9,40.59685877777778,-111.83523355555555
"Newark | New Jersey",9,40.74317988541673,-74.18417894791675
"Norwalk | Connecticut",9,41.17410966666667,-73.40044133333332
"Des Moines | Iowa",9,41.631934274509746,-93.59314261764696
"Needham | Massachusetts",9,42.265378999999996,-71.2019588
"Framingham | Massachusetts",9,42.377016999999995,-71.44929883333333
"Radnor | Pennsylvania",8,40.0284651,-75.3699007
"Manhattan Beach | California",8,33.8378725,-118.3503945
"College Park | Maryland",8,38.9659782,-76.9265068
"Naperville | Illinois",8,41.76044975,-88.14485975
"Burlington | Vermont",8,44.422577,-73.04866633333334
"Minnetonka | Minnesota",8,44.923849,-93.49691266666666
"West Palm Beach | Florida",8,26.71728248148148,-80.17211996296295
"Sarasota | Florida",8,27.31624726190477,-82.49531742857135
"St. Petersburg, Florida",8,27.801401608108097,-82.69287544594599
"San Juan Capistrano | California",8,33.62642557142858,-117.70736585714285
"Marietta | Georgia",8,33.944232608695636,-84.54087726086958
"Burbank | California",8,33.95714357142856,-118.3069939285714
"Glendale | California",8,34.346055920000005,-118.49641003999999
"Woodland Hills | California",8,35.18202761538461,-119.26523346153846
"Henderson | Nevada",8,36.00031466666667,-115.01199975000002
"San Leandro | California",8,36.19659733333334,-120.34122216666667
"Belmont | California",8,36.45934499999999,-120.67880033333334
"Walnut Creek | California",8,37.99029228571429,-121.91158414285714
"Petaluma | California",8,38.35167385714286,-122.839463
"Mill Valley | California",8,38.603592000000006,-122.4740285
"Silver Spring | Maryland",8,39.09285664000001,-77.05525824000001
"Carmel | Indiana",8,40.00315666666666,-86.10332733333333
"Bethlehem | Pennsylvania",8,40.676117857142856,-75.86437128571427
"Evanston | Illinois",8,42.00813933333333,-87.69273199999999
"Bend | Oregon",8,44.022102000000004,-121.21561029999998
"Spokane | Washington",8,47.66087021904765,-117.41836850476216
"Livermore | California",7,37.6385815,-121.666223
"Lakewood | Colorado",7,39.744773,-105.115977
"American Fork | Utah",7,40.395796,-111.803101
"Parsippany | New Jersey",7,40.852118,-74.407706
"Medford | Massachusetts",7,42.42605975,-71.1963685
"Westford | Massachusetts",7,42.47301175,-71.65470549999999
"Naples | Florida",7,26.15338020930231,-81.75983497674416
"Fort Worth | Texas",7,32.75950609677419,-97.32074806451614
"Solana Beach | California",7,32.997170499999996,-117.2574305
"Lexington | Kentucky",7,38.02286571527764,-84.47353415972249
"Ashburn | Virginia",7,39.06204866666666,-77.575776
"Frederick | Maryland",7,39.42410128571429,-77.39657542857142
"Aurora | Colorado",7,39.72198617391303,-104.69892291304349
"Lafayette | Colorado",7,40.039964999999995,-105.08980199999999
"Conshohocken | Pennsylvania",7,40.12622733333334,-75.31652833333334
"South Jordan | Utah",7,40.524943500000006,-111.9485035
"Watertown | Massachusetts",7,42.41388171428571,-71.33650585714285
"Portland | Maine",7,43.90831123076923,-70.34032576923076
"Missoula | Montana",7,46.926728600000004,-114.02194409999997
"Bothell | Washington",7,47.643921399999996,-122.16038040000001
"Delray Beach | Florida",6,26.527868875,-80.23252600000001
"Frisco | Texas",6,32.5806116,-96.7593944
"Canada | Kentucky",6,37.119157,-84.8729175
"Napa | California",6,38.37176975,-122.2961085
"Monmouth Junction | New Jersey",6,40.3956075,-74.53589299999999
"Westport | Connecticut",6,41.2072964,-73.35307879999999
"Natick | Massachusetts",6,42.284126,-71.3491555
"Allston | Massachusetts",6,42.35843,-71.12589
"Concord | Massachusetts",6,42.46037,-71.34895
"Chelmsford | Massachusetts",6,42.59981,-71.36728
"Maple Grove | Minnesota",6,45.127446,-93.445399
"Winter Park | Florida",6,28.586642599999998,-81.29808499999999
"Duluth | Georgia",6,33.985120555555554,-84.11479733333334
"Thousand Oaks | California",6,34.16829107692308,-118.86616715384616
"Chapel Hill | North Carolina",6,35.98309816666667,-79.08369333333333
"Dublin | California",6,37.724236000000005,-121.90088449999999
"Columbia | Missouri",6,38.97888030769231,-92.34530907692309
"Annapolis | Maryland",6,38.98050209000008,-76.4987392300001
"Covington | Kentucky",6,39.03827785714286,-84.53032985714286
"Centennial | Colorado",6,39.815954999999995,-104.98922266666666
"Akron | Ohio",6,41.08251985714276,-81.52201544897966
"Branford | Connecticut",6,41.281060999999994,-72.8057025
"Westborough | Massachusetts",6,42.148064749999996,-71.42474225000001
"Billerica | Massachusetts",6,42.497862999999995,-71.355565
"Lowell | Massachusetts",6,42.614039285714284,-71.340339
"Troy | Michigan",6,42.63523132258065,-83.22660835483873
"Portsmouth | New Hampshire",6,43.01125581818182,-71.01465945454544
"Syracuse | New York",6,43.04843976635521,-76.15337042056059
"Vancouver | Washington",6,45.683358851851835,-122.61406088888887
"Issaquah | Washington",6,47.516078666666665,-122.00572366666667
"Coral Gables | Florida",5,28.053073,-82.742879
"Mission Viejo | California",5,33.698343,-117.754523
"Tucker | Georgia",5,33.866431,-84.16869466666667
"Norcross | Georgia",5,33.9486085,-84.145117875
"Sherman Oaks | California",5,33.9672385,-118.37349674999999
"Playa Vista | California",5,33.97279,-118.427578
"Saratoga | California",5,37.244894,-121.92755766666669
"Leesburg | Virginia",5,38.6593656,-77.80452340000001
"Roseville | California",5,38.76218775,-121.29165474999999
"Chantilly | Virginia",5,38.879595,-77.41137333333334
"Olathe | Kansas",5,38.8845715,-94.83272087499999
"Dulles | Virginia",5,39.0508588,-77.56553799999999
"Bridgewater | New Jersey",5,40.598702,-74.607518
"Cedar Rapids | Iowa",5,42.0145241100001,-91.64480929999979
"Tewksbury | Massachusetts",5,42.2674716,-70.92863
"Littleton | Massachusetts",5,42.53759,-71.51201
"Beverly | Massachusetts",5,42.565145,-70.853843
"Encinitas | California",5,33.035540999999995,-117.0481495
"Gilbert | Arizona",5,33.300499200000004,-111.8087585
"Long Beach | California",5,33.780175181818144,-118.20021799999992
"Huntsville | Alabama",5,34.71872203333334,-86.5754929
"Little Rock | Arkansas",5,34.74982592156865,-92.30182250000013
"Goleta | California",5,35.008962833333335,-120.18553766666668
"San Luis Obispo | California",5,35.30832611111111,-120.56215155555554
"Asheville | North Carolina",5,35.599090117647066,-82.5549962352941
"Greensboro | North Carolina",5,36.07684134426233,-79.85775890163939
"Blacksburg | Virginia",5,37.195963000000006,-80.394402
"Richmond | California",5,37.925801479166694,-122.32317399999988
"Novato | California",5,38.111613999999996,-122.56741814285714
"Lewes | Delaware",5,38.760808499999996,-75.1586565
"Germantown | Maryland",5,38.987875200000005,-76.846726
"Sterling | Virginia",5,39.033164285714285,-77.48256242857143
"Reno | Nevada",5,39.649102384615446,-119.78358537179476
"Westminster | Colorado",5,39.830512999999996,-104.72194825
"Longmont | Colorado",5,40.135282749999995,-105.16501500000001
"Exton | Pennsylvania",5,40.380514000000005,-77.7067375
"Cranbury | New Jersey",5,40.507935999999994,-74.551505
"Piscataway | New Jersey",5,40.50952366666667,-74.44530233333334
"Manhattan | New York",5,40.75604430597011,-73.98603002238791
"Iowa City | Iowa",5,41.63870516666666,-91.56634450000001
"Schaumburg | Illinois",5,41.999767999999996,-88.01684700000001
"Southborough | Massachusetts",5,42.286299666666665,-71.51878166666667
"Wakefield | Massachusetts",5,42.492619999999995,-71.067052
"Grand Rapids | Michigan",5,42.968615550000074,-85.64910515999985
"Eden Prairie | Minnesota",5,44.85591300000001,-93.459446
"Bozeman | Montana",5,45.67703928571429,-111.00449757142857
"Weston | Florida",4,26.179116,-80.3411505
"Alachua | Florida",4,29.800974,-82.48365100000001
"Mount Pleasant | South Carolina",4,32.845918,-79.84429025
"Temecula | California",4,33.6065604,-116.6970826
"Roswell | Georgia",4,33.9966545,-84.38698675
"East Palo Alto | California",4,37.3613428,-122.0120871
"Portola Valley | California",4,37.385067,-122.2082375
"Folsom | California",4,38.522004,-121.29303250000001
"Falls Church | Virginia",4,38.8721753076923,-77.176861
"California | Kentucky",4,38.905563,-84.317079
"Lenexa | Kansas",4,38.953617,-94.733571
"Prairie Village | Kansas",4,39.02315,-94.669467
"Dover | Delaware",4,39.1431648,-75.49248680000001
"Mason | Ohio",4,39.36006,-84.30994
"Lutherville Timonium | Maryland",4,39.4299015,-76.62625125
"Fishers | Indiana",4,39.95773,-85.980906
"Holmdel | New Jersey",4,40.339563,-74.20965849999999
"State College | Pennsylvania",4,40.8607996,-77.8205356
"Ohio | Illinois",4,41.526144,-89.46398350000001
"Bloomfield | Connecticut",4,41.851961,-72.738939
"Itasca | Illinois",4,41.97503,-88.00729
"Skokie | Illinois",4,42.0349695,-87.746294
"Deerfield | Illinois",4,42.1857665,-87.866638
"Hopkinton | Massachusetts",4,42.22358,-71.52282
"East Lansing | Michigan",4,42.7037975,-84.44593625
"Nashua | New Hampshire",4,42.7942216,-71.5188296
"Middleton | Wisconsin",4,43.127661,-89.5353315
"Mercer Island | Washington",4,47.56025,-122.228083
"Vero Beach | Florida",4,27.660294384615383,-80.4648503076923
"Clearwater | Florida",4,27.95886851851851,-82.78486477777778
"Vista | California",4,33.152168833333334,-117.16475966666667
"Mesa | Arizona",4,33.39139362068967,-111.84345075862063
"Santa Ana | California",4,33.73926410000003,-117.86200780000003
"Orange | California",4,33.746104666666646,-117.83062597435891
"Ontario | California",4,34.17279450000001,-117.4045179285714
"Spartanburg | South Carolina",4,34.95134395652174,-81.94207182608692
"Chevy Chase | Maryland",4,39.032986666666666,-77.12114433333333
"Bloomington | Indiana",4,39.33199615384615,-86.50438538461539
"Dayton | Ohio",4,39.751498209523874,-84.19544768571421
"Chico | California",4,39.75393557142856,-121.77305100000001
"Blue Bell | Pennsylvania",4,40.162257333333336,-75.56272666666668
"West Lafayette | Indiana",4,40.434256999999995,-86.91377475
"Midvale | Utah",4,41.02411566666667,-111.73136699999999
"Shelton | Connecticut",4,41.305415999999994,-73.1416825
"Kalamazoo | Michigan",4,42.334072769230765,-85.3427073846154
"Buffalo | New York",4,42.85939141346147,-78.81015300961539
"Plymouth | Michigan",4,43.05222866666666,-84.56903966666667
"Sioux Falls | South Dakota",4,43.55854052941169,-96.73601874509787
"Lebanon | New Hampshire",4,43.74599700000001,-72.10402966666668
"Anchorage | Alaska",4,61.47780964102564,-149.96660574358978
"Leawood | Kansas",3,38.9056378,-94.6388552
"Aventura | Florida",3,25.9531599,-80.1544397
"France | Idaho",3,43.9724283,-111.2839815
"Plantation | Florida",3,25.78915575,-80.34734575
"North Miami Beach | Florida",3,25.919363,-80.152772
"Stuart | Florida",3,27.1697545,-80.23075225
"Ponte Vedra | Florida",3,30.1197896,-81.39308580000001
"Tallahassee | Florida",3,30.46045935,-84.2988703
"Georgetown | Texas",3,30.668777,-97.69097479999999
"Carrollton | Texas",3,32.8188285,-97.12241516666667
"Grapevine | Texas",3,32.852131,-97.186143
"Denmark | South Carolina",3,33.237543,-81.104895
"Seal Beach | California",3,33.74141,-118.10479
"Hawthorne | California",3,33.872498,-118.33875499999999
"Encino | California",3,33.97128825,-118.40088775
"South Pasadena | California",3,34.110141,-117.866431
"Wilmington | North Carolina",3,34.2049168,-77.8746328
"Carpinteria | California",3,34.3339395,-119.68454
"Lucerne Valley | California",3,34.50333,-116.92226
"Scotts Valley | California",3,37.0621785,-121.977847
"Millbrae | California",3,37.4897645,-122.367454
"Glen Allen | Virginia",3,37.590116,-78.1660408
"Alamo | California",3,37.85638,-122.0038
"Lafayette | California",3,37.901223,-122.120089
"Telluride | Colorado",3,37.9344365,-107.8343715
"Manassas | Virginia",3,38.7479824,-77.4805526
"Fulton | Maryland",3,39.160806,-76.927881
"Dublin | Ohio",3,40.1070405,-83.14030149999999
"Fort Washington | Pennsylvania",3,40.130959,-75.207437
"Glenview | Illinois",3,40.3310975,-88.8791755
"Paoli | Pennsylvania",3,40.339628,-76.14585650000001
"Lindon | Utah",3,40.340251,-111.719923
"Loveland | Colorado",3,40.3897588,-105.18693379999999
"Lafayette | Indiana",3,40.4044875,-86.848467125
"Berwyn | Pennsylvania",3,40.5427865,-77.593874
"Fairfield | New Jersey",3,40.5508705,-74.2912975
"South Plainfield | New Jersey",3,40.572065,-74.413545
"Pleasant Grove | Utah",3,40.5741275,-111.82654674999999
"Bedminster | New Jersey",3,40.659151,-74.676788
"Hampton | New Jersey",3,40.6667,-74.964692
"Berkeley Heights | New Jersey",3,40.675451,-74.422196
"New Providence | New Jersey",3,40.696615,-74.40329
"Long Island City | New York",3,40.7438308404255,-73.94785497872348
"Cedar Knolls | New Jersey",3,40.820799,-74.456198
"Clifton | New Jersey",3,40.882319,-74.17829971428571
"Hackensack | New Jersey",3,40.918726,-74.0644645
"New City | New York",3,41.1636835,-73.97698249999999
"Twinsburg | Ohio",3,41.313304,-81.440435
"Guilford | Connecticut",3,41.338847,-72.690089
"Beachwood | Ohio",3,41.473248,-81.505389
"Coralville | Iowa",3,41.699942,-91.6332
"Ithaca | New York",3,42.4322626,-76.47395060000001
"Maynard | Massachusetts",3,42.446396,-71.459405
"Wilmington | Massachusetts",3,42.56566,-71.1651665
"Lawrence | Massachusetts",3,42.686193,-71.09135774999999
"Holland | Michigan",3,42.8292565,-86.18662800000001
"Moffett Field | California",3,44.030119,-76.117353
"Minnesota City | Minnesota",3,44.081907,-91.73508
"Williston | Vermont",3,44.43755,-73.06818
"Michigan | North Dakota",3,48.020355,-98.118574
"Pompano Beach | Florida",3,26.241097892857145,-80.22387175000003
"Saint Petersburg | Florida",3,27.801401608108097,-82.69287544594599
"Lakeland | Florida",3,28.072648833333336,-81.91822166666667
"Maitland | Florida",3,28.602178666666664,-81.33534433333334
"Midland | Texas",3,31.938586083333334,-102.06556316666668
"Mckinney | Texas",3,32.591225333333334,-95.24253399999999
"Lewisville | Texas",3,33.057450857142875,-97.016605
"Fountain Valley | California",3,33.675442000000004,-117.8602855
"Fullerton | California",3,33.79766566666667,-117.87357483333335
"Studio City | California",3,33.962838000000005,-118.3457065
"Agoura Hills | California",3,34.017647000000004,-118.59835666666667
"Suwanee | Georgia",3,34.05015266666667,-84.07635066666666
"Van Nuys | California",3,34.09903440000003,-118.41654581999987
"Valencia | California",3,34.23069666666667,-118.49575566666665
"North Hollywood | California",3,34.27230146666667,-118.54405820000001
"Winston Salem | North Carolina",3,36.08703924038453,-80.24199125000003
"Fresno | California",3,36.752372633663335,-119.71948912871268
"Norfolk | Virginia",3,36.86045449473683,-76.27736449473684
"Danville | California",3,37.848204833333334,-121.29165533333332
"Sonoma | California",3,38.290011500000006,-122.482428
"Stanford | California",3,38.68679266666666,-122.42117866666666
"Doylestown | Pennsylvania",3,40.212813749999995,-75.5113115
"New Hope | Pennsylvania",3,40.354493500000004,-75.0009145
"New Brunswick | New Jersey",3,40.483047908163165,-74.4490678979591
"Newtown | Pennsylvania",3,40.501841000000006,-76.82240285714286
"Edison | New Jersey",3,40.51654728571429,-74.38772657142856
"Allentown | Pennsylvania",3,40.60743660606069,-75.49334118181808
"Park City | Utah",3,40.66898200000001,-111.51432374999999
"Roseland | New Jersey",3,40.819188499999996,-74.31784350000001
"Fort Lee | New Jersey",3,40.856505999999996,-73.96805699999999
"Fort Wayne | Indiana",3,41.11194115238093,-85.11763773333331
"Fairfield | Connecticut",3,41.184809800000004,-73.25557819999999
"Cheshire | Connecticut",3,41.47587766666666,-72.91778633333332
"Lincolnshire | Illinois",3,41.652259571428566,-88.05778171428571
"Farmington | Connecticut",3,41.760521999999995,-72.76085375000001
"Hartford | Connecticut",3,41.77299233333337,-72.69406217777781
"Erie | Pennsylvania",3,42.133501475247435,-80.07916804950496
"Amherst | Massachusetts",3,42.380508999999996,-72.50062066666666
"Sudbury | Massachusetts",3,42.396345499999995,-71.410338
"Belmont | Massachusetts",3,42.429595500000005,-71.331902
"North Andover | Massachusetts",3,42.55258166666667,-71.18584233333333
"Lansing | Michigan",3,42.69048203125001,-84.53295146875
"Eugene | Oregon",3,44.04059876923077,-123.09501976923073
"Lake Oswego | Oregon",3,45.40860166666667,-122.69930466666666
"Saint Cloud | Minnesota",3,45.414484538461544,-94.42297553846153
"Hillsboro | Oregon",3,45.489456999999994,-122.96921400000001
"Fargo | North Dakota",3,46.89952126666667,-97.0653882666667
"Tacoma | Washington",3,47.213137774509754,-122.40011692156851
"Sammamish | Washington",3,47.62506666666667,-122.02286533333334
"Bellingham | Washington",3,48.775063599999996,-122.26814359999999
"Key Biscayne | Florida",2,25.693713,-80.162825
"Miami Lakes | Florida",2,25.908706,-80.308662
"Dania | Florida",2,26.062416,-80.159667
"Sunrise | Florida",2,26.151416,-80.226211
"Deerfield Beach | Florida",2,26.26631425,-80.197907
"Sanibel | Florida",2,26.458308,-82.100065
"Palm Beach Gardens | Florida",2,26.600995,-80.038113
"Oldsmar | Florida",2,28.050324,-82.677379
"Tarpon Springs | Florida",2,28.1477155,-82.7194245
"Friendswood | Texas",2,29.4227875,-94.9961855
"Georgia | Louisiana",2,29.840205,-90.988431
"Maryland | Louisiana",2,30.4932935,-91.96485849999999
"Seminole | Texas",2,32.671912,-102.805355
"Arizona City | Arizona",2,32.7505295,-111.6371435
"Southlake | Texas",2,32.954198,-97.150475
"Bonsall | California",2,33.27616,-117.1941
"Tustin | California",2,33.672309,-117.77240520000001
"Toluca Lake | California",2,33.786594,-118.298662
"Hermosa Beach | California",2,33.86224,-118.39952
"Altadena | California",2,33.9909345,-118.21794449999999
"Kennesaw | Georgia",2,34.014486,-84.62590900000001
"Chatsworth | California",2,34.02704175,-118.45955999999998
"Camarillo | California",2,34.154889,-119.06284133333334
"Gardena | California",2,35.02527825,-119.440796
"Santa Fe | New Mexico",2,35.62408075,-105.99297741666668
"Apex | North Carolina",2,35.7031252,-78.8625544
"Carrboro | North Carolina",2,35.905477,-79.090077
"Belvedere Tiburon | California",2,35.95667275,-120.316271
"Stillwater | Oklahoma",2,36.1102195,-97.02207250000002
"Durango | Colorado",2,37.30954525,-107.888648
"Los Altos Hills | California",2,37.31969575,-122.020386
"Atherton | California",2,37.450627,-122.199439
"Union City | California",2,37.599463,-122.018884
"Sandston | Virginia",2,37.64874425,-77.14910800000001
"Corte Madera | California",2,37.9965375,-122.62651149999999
"Crestwood | Kentucky",2,38.35977,-85.3963825
"Harrisonburg | Virginia",2,38.4521925,-78.87716475
"Healdsburg | California",2,38.6167175,-122.854299
"Chesterfield | Missouri",2,38.64534225,-90.54187825
"Austin | Indiana",2,38.748455,-85.750469
"Rocklin | California",2,38.810514,-121.2539065
"Bowie | Maryland",2,38.902497,-76.80927557142857
"Greenbelt | Maryland",2,38.91821675,-76.881259
"Monument | Colorado",2,39.086393,-104.807666
"Missouri City | Missouri",2,39.245755,-94.292406
"Towson | Maryland",2,39.4215638,-77.0677112
"Louisiana | Missouri",2,39.440073,-91.088401
"Egg Harbor Township | New Jersey",2,39.51426,-74.61471633333333
"Newtonville | New Jersey",2,39.564995,-74.854042
"West Chester | Ohio",2,39.5915075,-83.67890075
"Atlantic Highlands | New Jersey",2,39.70090075,-74.4256265
"West Chester | Pennsylvania",2,39.9595048,-75.652016
"Bala Cynwyd | Pennsylvania",2,40.006545,-75.2305915
"Jenkintown | Pennsylvania",2,40.099682,-75.10664299999999
"Plymouth Meeting | Pennsylvania",2,40.1105745,-75.275594
"Feasterville Trevose | Pennsylvania",2,40.15955,-74.96921433333334
"Horsham | Pennsylvania",2,40.184292,-75.138014
"Carlisle | Pennsylvania",2,40.223228,-77.19502875
"Russia | Ohio",2,40.232574,-84.450687
"Yardley | Pennsylvania",2,40.245664,-74.845997
"Delaware | Ohio",2,40.2678905,-83.066337
"Staten Island | New York",2,40.606381,-74.114616
"Warren | New Jersey",2,40.629101,-74.532449
"Basking Ridge | New Jersey",2,40.682651,-74.573001
"Summit | New Jersey",2,40.6892005,-74.330643
"Secaucus | New Jersey",2,40.760805,-74.06576
"Wooster | Ohio",2,40.8009335,-81.934289
"Tenafly | New Jersey",2,40.900273,-74.22491500000001
"Teaneck | New Jersey",2,40.9191855,-74.0473545
"Darien | Connecticut",2,41.075846,-73.480765
"Greenwich | Connecticut",2,41.130806,-73.54988816666666
"Orange | Connecticut",2,41.279896,-73.031018
"Hamden | Connecticut",2,41.38391325,-72.91582149999999
"Illinois City | Illinois",2,41.39753,-90.89959
"Crown Point | Indiana",2,41.452976,-87.366434
"Lakewood | Ohio",2,41.48199,-81.79819
"West Des Moines | Iowa",2,41.5677255,-93.76670475
"Johnston | Iowa",2,41.714435,-93.732559
"Oak Brook | Illinois",2,41.8189065,-87.945966
"Arlington Heights | Illinois",2,41.85490725,-88.2230825
"North Canton | Connecticut",2,41.8621095,-73.1852025
"Elmhurst | Illinois",2,41.8901865,-87.9438265
"Raynham | Massachusetts",2,41.9367,-71.048941
"Cumberland | Rhode Island",2,41.967491,-71.43056533333333
"Rolling Meadows | Illinois",2,42.074226,-88.026871
"Buffalo Grove | Illinois",2,42.180411,-87.960771
"Norwood | Massachusetts",2,42.182798,-71.196277
"Weymouth | Massachusetts",2,42.212950875,-70.94432637499999
"Brookline | Massachusetts",2,42.2673748,-71.1050592
"Hardwick | Massachusetts",2,42.347856,-72.225251
"Brighton | Massachusetts",2,42.3501,-71.15644
"Charlestown | Massachusetts",2,42.382588,-71.065287
"Arlington Heights | Massachusetts",2,42.4294146,-71.28358659999999
"Ferndale | Michigan",2,42.460586,-83.140675
"Boxborough | Massachusetts",2,42.485985,-71.520985
"Marblehead | Massachusetts",2,42.492122,-70.85062633333332
"Wixom | Michigan",2,42.520533,-83.549145
"Farmington Hills | Michigan",2,42.52582625,-83.386471
"Birmingham | Michigan",2,42.5558724,-83.2300998
"North Reading | Massachusetts",2,42.5764825,-71.0966855
"Newbury | Massachusetts",2,42.777524,-70.867246
"Salem | New Hampshire",2,42.797032,-71.2229755
"Milford | New Hampshire",2,42.82804,-71.643468
"Derry | New Hampshire",2,42.847495,-71.88266333333333
"Eagle | Idaho",2,43.6993395,-116.401996
"Neshkoro | Wisconsin",2,43.9207595,-89.311523
"Waterbury Center | Vermont",2,44.32031775,-72.73886325
"Excelsior | Minnesota",2,44.9033,-93.56635
"Rockville | Minnesota",2,45.47191,-94.34083
"Waconia | Minnesota",2,45.4815685,-93.633609
"Kent | Washington",2,47.3886120909091,-122.13011963636363
"Bainbridge Island | Washington",2,47.647774,-122.538016
"Liberty Lake | Washington",2,47.651635,-117.085845
"Hollywood | Florida",2,25.968625357142866,-80.24238021428572
"Melbourne Beach | Florida",2,28.116668269230765,-80.6258988846154
"Ocala | Florida",2,29.163084266666665,-82.14816479999999
"Texas City | Texas",2,29.368857000000002,-94.91776259999999
"Sugar Land | Texas",2,29.58411614285714,-95.67044785714288
"League City | Texas",2,29.801507555555556,-97.07331233333332
"Metairie | Louisiana",2,29.927055333333342,-90.1437516666667
"San Marcos | Texas",2,29.97648266666667,-97.97182233333335
"Katy | Texas",2,30.282461416666667,-95.95062966666666
"Bryan | Texas",2,30.67633633333334,-96.36448677777777
"Savannah | Georgia",2,32.067032405660356,-81.1007407924527
"Poway | California",2,33.005512499999995,-116.93817250000001
"Glendale | Arizona",2,33.50329752941177,-112.1963893529412
"Huntington Beach | California",2,33.80305967857144,-118.0362803571428
"Decatur | Georgia",2,33.82575590909091,-84.27690245454546
"Columbia | South Carolina",2,34.01772905263158,-80.99439105263154
"Ventura | California",2,34.203347300000004,-119.18863969999998
"Cumming | Georgia",2,34.210522000000005,-84.15052740000002
"Edmond | Oklahoma",2,35.66905466666666,-97.50239049999999
"Bentonville | Arkansas",2,36.33982266666666,-94.12967900000001
"Virginia Beach | Virginia",2,36.81131166666666,-76.07469736666667
"Joplin | Missouri",2,37.12115633333333,-94.45478633333335
"Petersburg | Virginia",2,37.21651242857143,-77.41597785714285
"Springfield | Missouri",2,37.32459620833333,-93.11952241666667
"Orinda | California",2,37.869648999999995,-122.173856
"Concord | California",2,37.91067544444445,-121.98757733333332
"Larkspur | California",2,37.97847266666667,-122.60256700000001
"Sebastopol | California",2,38.36516233333333,-122.717756
"Rancho Cordova | California",2,38.513001200000005,-121.32366640000001
"Jeffersonville | Indiana",2,38.520414599999995,-85.80688210000001
"Auburn | California",2,39.05803533333333,-120.74072000000001
"Carson City | Nevada",2,39.163544909090895,-119.77622600000004
"Poland | Indiana",2,39.411193499999996,-86.91700449999999
"Littleton | Colorado",2,39.59799984615386,-104.95372756410259
"Golden | Colorado",2,39.85795342857143,-105.14769685714285
"Springfield | Illinois",2,39.947263129629604,-89.54207381481483
"Greeley | Colorado",2,39.947857000000006,-104.44317177777778
"Rosamond | Illinois",2,39.998877666666665,-89.06003166666666
"Westfield | New Jersey",2,40.06592366666667,-74.87659866666667
"Anderson | Indiana",2,40.19645211111112,-85.67311588888889
"Langhorne | Pennsylvania",2,40.19733042857143,-74.94367028571428
"Powell | Ohio",2,40.200067000000004,-83.0882115
"Red Bank | New Jersey",2,40.20148833333334,-74.442543
"Harrisburg | Pennsylvania",2,40.27649815686283,-76.87679328431359
"Zionsville | Indiana",2,40.289851999999996,-85.943146
"Moorestown | New Jersey",2,40.365838999999994,-74.659083875
"Warrendale | Pennsylvania",2,40.514608333333335,-80.05199933333334
"Monroeville | Pennsylvania",2,40.55214566666667,-79.69620833333333
"Highland Park | New Jersey",2,40.62683439999999,-74.485955
"Montclair | New Jersey",2,40.82341066666667,-74.21196733333333
"Morris Plains | New Jersey",2,40.833898000000005,-74.481652
"Mahwah | New Jersey",2,41.057410250000004,-74.14236400000001
"Youngstown | Ohio",2,41.09385691666663,-80.65855404629616
"Bridgeport | Connecticut",2,41.17463908421058,-73.21048152631599
"Cheyenne | Wyoming",2,41.231397199999996,-104.73869669999999
"Danbury | Connecticut",2,41.349467142857144,-73.40351714285713
"Scranton | Pennsylvania",2,41.40780199999999,-75.65473226315788
"Chicago Heights | Illinois",2,41.660351500000004,-87.638817
"Toledo | Ohio",2,41.66731505000006,-83.55090366000012
"South Bend | Indiana",2,41.678352807692235,-86.25311242307683
"Warwick | Rhode Island",2,41.71667585714285,-71.43939542857143
"Downers Grove | Illinois",2,41.774294499999996,-88.017032
"East Hartford | Connecticut",2,41.81619166666666,-72.69547566666667
"Oak Park | Illinois",2,41.866868499999995,-87.76636225000001
"Northbrook | Illinois",2,42.04663566666667,-87.88892333333335
"North Billerica | Massachusetts",2,42.30490966666667,-71.90720233333333
"Southfield | Michigan",2,42.50176418750001,-83.22965343749998
"Royal Oak | Michigan",2,42.558058666666675,-83.23171733333334
"Danvers | Massachusetts",2,42.562808000000004,-70.9347865
"White River Junction | Vermont",2,43.62708066666667,-72.44123066666667
"Rochester | Minnesota",2,44.02480728571429,-92.46311714285714
"Mequon | Wisconsin",2,44.02492899999999,-89.20002266666665
"Orono | Maine",2,44.88575066666667,-68.691129
"Stillwater | Minnesota",2,45.03792933333333,-92.87469
"Burnsville | Minnesota",2,45.089468600000004,-94.2140212
"Wilsonville | Oregon",2,45.291389499999994,-122.820863
"Kennewick | Washington",2,46.174868000000004,-119.17151650000001
"Puyallup | Washington",2,47.175224625000006,-122.302030125
"Renton | Washington",2,47.483864999999994,-122.17387662499999
"Grand Forks | North Dakota",2,47.927148666666675,-97.27220544444445
"Brooklyn Park | Minnesota",1,45.1107558,-93.3581267
"Eagan | Minnesota",1,44.8186994,-93.201483
"Long Island City | New Jersey",1,40.7454838,-73.9536799
"Utah | Tennessee",1,35.5889903,-88.0636017
"Herdon | Virginia",1,38.9701702,-77.3904977
"Fitchburg | Wisconsin",1,42.9880423,-89.4610259
"Doral | Florida",1,25.8187165,-80.389192
"Century City | California",1,34.0571679,-118.4239555
"Commerce | California",1,33.9951132,-118.174872
"Davie | Florida",1,26.067529,-80.275056
"Pembroke Pines | Florida",1,26.09423,-80.2675892
"Lauderhill | Florida",1,26.140364,-80.213381
"Wilton Manors | Florida",1,26.160363,-80.138934
"North Palm Beach | Florida",1,26.8601,-80.0527175
"Brandon | Florida",1,27.86883075,-82.39555349999999
"Kenansville | Florida",1,27.933215,-81.092447
"Palm Harbor | Florida",1,28.04011675,-82.72194775
"Land O Lakes | Florida",1,28.24745875,-82.475767
"Cape Canaveral | Florida",1,28.394642,-80.614323
"Windermere | Florida",1,28.481031,-81.543979
"Pearland | Texas",1,29.4362564,-95.3361702
"Coral Springs | Florida",1,29.503564,-98.647106
"Webster | Texas",1,29.53773,-95.11826
"Tivoli | Texas",1,29.6239575,-97.092208
"South Houston | Texas",1,29.634629,-95.015468
"Newberry | Florida",1,29.6888845,-82.569035
"Canyon Lake | Texas",1,29.87622,-98.26167
"Nederland | Texas",1,29.9849355,-94.003232
"Kingwood | Texas",1,30.033553,-95.261044
"Ponte Vedra Beach | Florida",1,30.1197896,-81.39308580000001
"The Woodlands | Texas",1,30.136972,-95.46836
"Chappell Hill | Texas",1,30.156759,-96.278602
"Atlantic Beach | Florida",1,30.33441,-81.3987
"Miramar Beach | Florida",1,30.3889255,-86.40787599999999
"Madisonville | Louisiana",1,30.4056105,-90.14966050000001
"College Station | Texas",1,30.6195445,-96.32831499999999
"Temple | Texas",1,31.408751625,-97.061579625
"West Lake Hills | Texas",1,31.6109965,-97.51355000000001
"Hilton Head Island | South Carolina",1,32.2275722,-80.7439664
"Ridgeland | Mississippi",1,32.539256,-90.1139965
"Fort Valley | Georgia",1,32.560698,-83.854528
"Mansfield | Texas",1,32.5669575,-97.143257
"Boulevard | California",1,32.66367,-116.27363
"Flowood | Mississippi",1,32.667755,-90.601506
"Coppell | Texas",1,32.8672235,-96.892147
"El Cajon | California",1,32.8711785,-116.89258083333334
"Del Mar | California",1,32.95949,-117.26531
"Newark | Texas",1,33.006977,-97.492336
"Cardiff By The Sea | California",1,33.023042,-117.274469
"Farmers Branch | Texas",1,33.0724885,-96.637562
"The Colony | Texas",1,33.077136,-96.901605
"Anna | Texas",1,33.323709,-96.524804
"Sweden | South Carolina",1,33.379043,-81.135101
"Norway | South Carolina",1,33.45182,-81.12538
"Dana Point | California",1,33.485903,-117.696366
"Stockbridge | Georgia",1,33.5471125,-84.209361
"Laguna Niguel | California",1,33.571789,-117.75427133333334
"Myrtle Beach | South Carolina",1,33.695896,-78.940807625
"Douglasville | Georgia",1,33.7167744,-84.75970679999999
"America | Alabama",1,33.737886,-87.252502
"Rancho Mirage | California",1,33.73974,-116.41279
"Smyrna | Georgia",1,33.8583515,-84.5595145
"Gurdon | Arkansas",1,33.889086,-93.132026
"Chamblee | Georgia",1,33.892047,-84.298813
"Dunwoody | Georgia",1,33.946213,-84.334647
"Scranton | South Carolina",1,33.9595515,-79.7213705
"Hacienda Heights | California",1,33.976114,-117.981631
"Kure Beach | North Carolina",1,33.986817,-77.920117
"San Gabriel | California",1,34.02206325,-118.14725425
"Diamond Bar | California",1,34.02862,-117.81034
"West Los Angeles | California",1,34.046399,-118.448135
"Temple City | California",1,34.10723,-118.05785
"Glendora | California",1,34.1379465,-117.848332
"Oxnard | California",1,34.1411319,-119.17503219999999
"La Canada Flintridge | California",1,34.14647,-117.756784
"Redlands | California",1,34.19299,-116.92341819999999
"Mt Pleasant | South Carolina",1,34.312508,-81.64497933333332
"England | Arkansas",1,34.5431495,-91.87652650000001
"Valhermoso Springs | Alabama",1,34.549094,-86.693983
"Loma Linda | California",1,34.577035,-116.39422166666668
"Cleveland | Georgia",1,34.610466,-83.74615
"Lumberton | North Carolina",1,34.623984,-79.01237875
"Pendleton | South Carolina",1,34.6423285,-82.7270815
"Snyder | Oklahoma",1,34.73647,-97.8839805
"Mauldin | South Carolina",1,34.77873,-82.31012
"North Little Rock | Arkansas",1,34.787805,-92.28456614285713
"Florence | Alabama",1,34.8683655,-87.68552366666667
"Boulder Creek | California",1,34.954158,-119.30781300000001
"Santa Maria | California",1,35.004409625,-120.33762112499998
"Fort Mill | South Carolina",1,35.0397856,-80.95052519999999
"Murphy | North Carolina",1,35.061177,-84.052954
"Conway | Arkansas",1,35.0794856,-92.39948799999999
"Hillsborough | North Carolina",1,35.173644,-78.855682
"Arlington | Tennessee",1,35.292102,-89.752615
"Germantown | Tennessee",1,35.3418008,-89.2314034
"Tullahoma | Tennessee",1,35.361466,-86.2233215
"Paso Robles | California",1,35.680788,-120.75577733333334
"Garner | North Carolina",1,35.71126,-78.61417
"Lexington | North Carolina",1,35.8355744,-80.25608300000002
"Egypt | Arkansas",1,35.863996,-90.94278
"Tarboro | North Carolina",1,35.925547,-77.5001055
"Wake Forest | North Carolina",1,35.977761,-78.501251
"Kansas | Oklahoma",1,36.20509,-94.79773
"Netherlands | Missouri",1,36.299233,-89.751194
"Rogers | Arkansas",1,36.356792,-94.07634
"Clarkton | Missouri",1,36.45173,-89.96704
"Isabella | Missouri",1,36.5809,-92.61267
"Reeds Spring | Missouri",1,36.6938335,-93.3570195
"Fremont | Missouri",1,36.95227,-91.1643
"Colorado City | Arizona",1,36.974658,-112.978914
"Hampton | Virginia",1,37.0645581875,-76.48701106249999
"Monroe Township | New Jersey",1,37.285693,-98.021311
"Williamsburg | Virginia",1,37.29462675,-76.72502725000001
"Bedford | Virginia",1,37.336027,-79.522585
"Alviso | California",1,37.42605,-121.97524
"Salem | Virginia",1,37.4546105,-79.293807
"Midlothian | Virginia",1,37.4982045,-77.66931550000001
"Moss Beach | California",1,37.52904,-122.51127
"Modesto | California",1,37.6443259,-120.97523670000001
"Martinez | California",1,37.6806815,-122.271503
"Elizabethtown | Kentucky",1,37.7041405,-85.9276225
"Greenfield | Missouri",1,38.0160186,-92.6354886
"Clements | California",1,38.211127,-121.044252
"Mount Vernon | Illinois",1,38.275826,-88.894919
"Rohnert Park | California",1,38.4043755,-122.8441865
"Union | Missouri",1,38.4183845,-90.9531975
"Montrose | Colorado",1,38.47483925,-107.82682375
"Swansea | Illinois",1,38.512111,-89.905289
"Saint Helena | California",1,38.5278605,-122.441468
"Mather | California",1,38.554406,-121.28181
"Albany | California",1,38.5565175,-123.033455
"Ballwin | Missouri",1,38.61309775,-90.48741125000001
"El Dorado Hills | California",1,38.6815595,-120.945413
"Maryland Heights | Missouri",1,38.723951,-90.447418
"Portsmouth | Ohio",1,38.78765,-82.9244625
"Gardnerville | Nevada",1,38.86214775,-119.6499865
"West Mclean | Virginia",1,38.8865175,-77.241451
"Oakton | Virginia",1,38.892796,-77.329906
"South Lake Tahoe | California",1,38.8978269,-120.0124806
"Southern Md Facility | Maryland",1,38.946658,-76.674494
"Moscow Mills | Missouri",1,38.948248,-90.913818
"Takoma Park | Maryland",1,38.981374,-77.0051095
"Maryland Line | Maryland",1,39.023016,-76.89523575
"Purcellville | Virginia",1,39.157683,-77.71857349999999
"Franklin Furnace | Ohio",1,39.249334,-83.800705
"Dundalk | Maryland",1,39.269326,-76.486827
"Catonsville | Maryland",1,39.27595475,-76.7380815
"Marriottsville | Maryland",1,39.3356605,-76.913588
"Athens | Ohio",1,39.339279,-82.013803
"Castle Rock | Colorado",1,39.36959025,-104.85867875
"Pikesville | Maryland",1,39.378742,-76.7418385
"Reisterstown | Maryland",1,39.473582,-76.8044115
"Belcamp | Maryland",1,39.47366,-76.238835
"Hunt Valley | Maryland",1,39.480493,-76.655257
"Conifer | Colorado",1,39.5063485,-105.2895815
"Fallston | Maryland",1,39.529823,-76.445888
"Delaware City | Delaware",1,39.57789,-75.58882
"Greenwood | Indiana",1,39.61316,-86.15565233333332
"Morgantown | West Virginia",1,39.630586,-79.9585453
"Wheat Ridge | Colorado",1,39.6495,-105.1660635
"Martinsburg | Missouri",1,39.6963875,-93.29285675
"Berlin | New Jersey",1,39.7699785,-74.94094899999999
"Claymont | Delaware",1,39.8068125,-75.4629185
"Jerusalem | Ohio",1,39.82588,-81.123561
"Cedar Grove | New Jersey",1,39.83587575,-74.87114625
"Chadds Ford | Pennsylvania",1,39.865567,-75.557698
"Murray | Utah",1,39.8802835,-111.54298800000001
"Scotland | Pennsylvania",1,39.970229,-77.590358
"Mount Laurel | New Jersey",1,39.97579,-74.8951265
"Newtown Square | Pennsylvania",1,39.9851205,-75.407902
"Hainesport | New Jersey",1,39.987212,-74.829308
"North Hampton | Ohio",1,39.989309,-83.938933
"Wynnewood | Pennsylvania",1,39.9945565,-75.273101
"Cinnaminson | New Jersey",1,39.996779,-74.99267
"Westlake | Ohio",1,40.0133052,-83.5886138
"Narberth | Pennsylvania",1,40.020911,-75.259975
"Villanova | Pennsylvania",1,40.0290095,-75.3678795
"Elkins Park | Pennsylvania",1,40.0760325,-75.12917949999999
"Westerville | Ohio",1,40.08117475,-82.9202385
"Lakewood | New Jersey",1,40.0856455,-74.20607150000001
"Triadelphia | West Virginia",1,40.1025125,-80.61175850000001
"Ellsworth | Pennsylvania",1,40.106087,-80.022093
"Ambler | Pennsylvania",1,40.180876,-75.215621
"Hatboro | Pennsylvania",1,40.182406,-75.106265
"Lewis Center | Ohio",1,40.187886,-82.987804
"Audubon | Pennsylvania",1,40.211896,-75.35586
"Lansdale | Pennsylvania",1,40.228535,-75.297369
"Bryn Mawr | Pennsylvania",1,40.2297075,-77.59699850000001
"Virginia | Nebraska",1,40.24583,-96.49696
"Jamison | Pennsylvania",1,40.254157,-75.08854
"Manalapan | New Jersey",1,40.282353,-74.346565
"Bridgeport | Pennsylvania",1,40.2940498,-77.6045996
"Lawrenceville | New Jersey",1,40.29733,-74.729605
"Bethel Park | Pennsylvania",1,40.32757,-80.0395
"Morganville | New Jersey",1,40.33953,-74.29394
"Plainsboro | New Jersey",1,40.342197,-74.582062
"Lincroft | New Jersey",1,40.346629,-74.125401
"West Mansfield | Ohio",1,40.35745625,-83.92549400000001
"Bridgeville | Pennsylvania",1,40.3647915,-80.10186300000001
"Morristown | New Jersey",1,40.365839,-74.65908387500001
"Pipersville | Pennsylvania",1,40.4173445,-75.120214
"Kendall Park | New Jersey",1,40.422955,-74.549761
"Parlin | New Jersey",1,40.4577115,-74.3086905
"Alpine | Utah",1,40.459133,-111.773164
"Quakertown | Pennsylvania",1,40.462186,-75.30726200000001
"Toronto | Ohio",1,40.469391,-80.64395400000001
"Amsterdam | Ohio",1,40.472134,-80.973297
"Heber City | Utah",1,40.497844,-111.3530025
"New Albany | Ohio",1,40.513697,-81.8251315
"Clyde | Ohio",1,40.5245832,-82.9503094
"Breinigsville | Pennsylvania",1,40.53676,-75.6313
"Metuchen | New Jersey",1,40.547882,-74.34334050000001
"New Hampshire | Ohio",1,40.55616,-83.95272
"Ambridge | Pennsylvania",1,40.600494,-80.210521
"Whitehouse Station | New Jersey",1,40.61538,-74.770441
"North Bergen | New Jersey",1,40.6185124,-74.3389938
"North Brunswick | New Jersey",1,40.6185124,-74.3389938
"Linden | New Jersey",1,40.6210285,-74.2298475
"Franklin Park | New Jersey",1,40.6509682,-74.5913594
"Bayonne | New Jersey",1,40.670858,-74.109486
"South Salt Lake | Utah",1,40.718835,-111.888269
"Hempstead | New York",1,40.724066,-73.60846333333332
"Patchogue | New York",1,40.724819,-73.00997050000001
"Millburn | New Jersey",1,40.72482,-74.30404
"East Peoria | Illinois",1,40.737538,-89.5503745
"Sarver | Pennsylvania",1,40.739936,-79.716751
"Aston | Pennsylvania",1,40.740003,-76.69546650000001
"Gwynedd | Pennsylvania",1,40.74065525,-77.81106825
"Chatham | New Jersey",1,40.74093,-74.38376
"Bernardsville | New Jersey",1,40.7497295,-74.8815865
"Peoria Heights | Illinois",1,40.759136,-89.604123
"Weehawken | New Jersey",1,40.767601,-74.0265585
"Florham Park | New Jersey",1,40.7735,-74.397996
"Port Washington | New York",1,40.78666575,-73.637399125
"Mendham | New Jersey",1,40.786699,-74.5938
"Lyndhurst | New Jersey",1,40.803019,-74.11374649999999
"Bloomfield | New Jersey",1,40.808549,-74.187005
"Whippany | New Jersey",1,40.84202625,-74.50179425
"Palisades Park | New Jersey",1,40.84816,-73.99764
"Flanders | New Jersey",1,40.850884,-74.701558
"Little Falls | New Jersey",1,40.879046,-74.211017
"Englewood Cliffs | New Jersey",1,40.8867235,-73.9621025
"Kelayres | Pennsylvania",1,40.900231,-76.005382
"Mount Arlington | New Jersey",1,40.92593,-74.63488
"Solon | Ohio",1,40.93545825,-83.02463775
"Glen Rock | New Jersey",1,40.960347,-74.125036
"Haworth | New Jersey",1,40.963867,-73.99358
"Farmington | Utah",1,40.969069,-111.907344
"Scarsdale | New York",1,40.984294,-73.79519133333334
"Canfield | Ohio",1,40.99059,-80.79636450000001
"Wyckoff | New Jersey",1,40.998387,-74.165733
"Oakland | New Jersey",1,41.026691,-74.2412325
"Old Greenwich | Connecticut",1,41.034946,-73.566968
"Purchase | New York",1,41.04093,-73.71457
"Allendale | New Jersey",1,41.04149,-74.12903
"Upper Saddle River | New Jersey",1,41.05843,-74.098476
"Gurnee | Illinois",1,41.05867775,-88.842715
"North Olmsted | Ohio",1,41.10425,-81.09445133333334
"West Milford | New Jersey",1,41.1053,-74.39094
"Armonk | New York",1,41.13201,-73.71372
"New Canaan | Connecticut",1,41.1546525,-73.4983165
"Pomona | New York",1,41.185322,-74.0495555
"Milford | Connecticut",1,41.2312885,-73.04549875000001
"Brunswick | Ohio",1,41.23811,-81.8418
"Huntington | New York",1,41.257784625,-73.601694875
"Redding | Connecticut",1,41.271095,-73.38634
"Madison | Connecticut",1,41.282458,-72.6184285
"Elkhorn | Nebraska",1,41.288631,-96.238818
"Garrettsville | Ohio",1,41.291405,-81.081534
"Mount Shasta | California",1,41.31583,-122.31611
"Ridgefield | Connecticut",1,41.325908,-73.460863
"Ansonia | Connecticut",1,41.342514,-73.070301
"Centerbrook | Connecticut",1,41.349098,-72.41338
"Woodbridge | Connecticut",1,41.353296,-73.013981
"Groton | Connecticut",1,41.379615,-72.05215933333334
"Bethel | Connecticut",1,41.381244,-73.39908
"Sandy Hook | Connecticut",1,41.408422,-73.2546155
"Wallingford | Connecticut",1,41.41624,-72.85479360000001
"Chagrin Falls | Ohio",1,41.4322735,-81.38539899999999
"Oxford | Connecticut",1,41.432583,-73.138379
"Tarrytown | New York",1,41.43801875,-74.427236
"Kendallville | Indiana",1,41.44144,-85.26498
"Southbury | Connecticut",1,41.4567585,-73.24964399999999
"Jessup | Pennsylvania",1,41.46869,-75.56213
"Rocky River | Ohio",1,41.469497,-81.849209
"Brookfield | Connecticut",1,41.474398,-73.398595
"Perrysburg | Ohio",1,41.481786,-83.599567
"Kingston | Rhode Island",1,41.482901,-71.524317
"Newport | Rhode Island",1,41.491321,-71.33264066666668
"Lisle | Illinois",1,41.49290875,-88.84111549999999
"Avon Lake | Ohio",1,41.49674,-82.017527
"Middletown | Rhode Island",1,41.4989865,-71.297738
"Sugar Grove | Illinois",1,41.5059105,-89.59173050000001
"Gates Mills | Ohio",1,41.513251,-81.414597
"Tinley Park | Illinois",1,41.576941,-87.80561666666667
"Southington | Connecticut",1,41.5814695,-72.86268949999999
"South Holland | Illinois",1,41.60087,-87.60699
"Chesterton | Indiana",1,41.6162765,-87.031553
"Osterville | Massachusetts",1,41.62844,-70.38697
"East Greenwich | Rhode Island",1,41.64335,-71.478002
"South Glastonbury | Connecticut",1,41.657099,-72.572233
"Rocky Hill | Connecticut",1,41.657249,-72.670887
"Chicago Ridge | Illinois",1,41.70142,-87.77922
"Tremonton | Utah",1,41.70282,-112.2571485
"Dallas Center | Iowa",1,41.713107,-93.930807
"Willoughby | Ohio",1,41.719799,-81.33524466666667
"East Sandwich | Massachusetts",1,41.72832,-70.439975
"Woodridge | Illinois",1,41.736788,-88.041731
"Cranston | Rhode Island",1,41.77546075,-71.46293375
"Westmont | Illinois",1,41.799876,-87.970713
"Willowbrook | Illinois",1,41.800683,-87.928173
"Warrenville | Illinois",1,41.8137945,-88.176162
"East Providence | Rhode Island",1,41.8138625,-71.3647585
"Riverside | Illinois",1,41.8389195,-87.82297700000001
"Glen Ellyn | Illinois",1,41.852446,-88.0750975
"Forest Park | Illinois",1,41.87948,-87.81367
"Geneva | Illinois",1,41.88753,-88.30535
"Enfield | Connecticut",1,41.888211,-72.6382815
"Plymouth | Massachusetts",1,41.9093845,-70.64918475
"Ely | Iowa",1,41.910425,-91.575268
"Ames | Iowa",1,42.0310604,-93.6440874
"Morton Grove | Illinois",1,42.039329,-87.793815
"Hoffman Estates | Illinois",1,42.061073,-88.15172749999999
"Pembroke | Massachusetts",1,42.0724855,-70.781381
"Wilmette | Illinois",1,42.079228,-87.72836
"Oxford | Massachusetts",1,42.1141035,-71.8774805
"Whitinsville | Massachusetts",1,42.1148495,-71.67589749999999
"Corning | New York",1,42.12870825,-77.16312725
"Wilbraham | Massachusetts",1,42.13408,-72.4345
"Milford | Massachusetts",1,42.147087,-71.528085
"Holliston | Massachusetts",1,42.1834315,-71.452281
"Franklin | Massachusetts",1,42.211106,-71.28340066666668
"Cohasset | Massachusetts",1,42.2218805,-70.817379
"Vernon Hills | Illinois",1,42.231183,-87.962973
"Dover | Massachusetts",1,42.236114,-71.283072
"Lake Forest | Illinois",1,42.240027,-87.877569
"Mundelein | Illinois",1,42.2484955,-88.01870149999999
"Allen Park | Michigan",1,42.25754,-83.21104
"Libertyville | Illinois",1,42.306142,-87.78388849999999
"Jamaica Plain | Massachusetts",1,42.309661,-71.121097
"Northampton | Massachusetts",1,42.332855,-72.63392400000001
"Wayland | Massachusetts",1,42.3417645,-71.36283800000001
"Auburndale | Massachusetts",1,42.3453015,-71.245837
"Chelsea | Massachusetts",1,42.39176,-71.03283
"Everett | Massachusetts",1,42.407396,-71.051183
"Pittsfield | Massachusetts",1,42.421965,-73.2534385
"Bolton | Massachusetts",1,42.436043,-71.605916
"Novi | Michigan",1,42.4756705,-83.48524275
"Stoneham | Massachusetts",1,42.4842895,-71.09437750000001
"Cedar Falls | Iowa",1,42.509133,-92.39544866666667
"Reading | Massachusetts",1,42.537065,-71.107172
"Devens | Massachusetts",1,42.54364,-71.61479
"Ayer | Massachusetts",1,42.5638875,-71.58246249999999
"Manchester | Massachusetts",1,42.579503,-70.755062
"Lake Orion | Michigan",1,42.580927,-83.505707
"Commerce Township | Michigan",1,42.583382,-83.500878
"Bloomfield Hills | Michigan",1,42.5837696,-83.2931492
"Peabody | Massachusetts",1,42.5862195,-70.92638450000001
"Wenham | Massachusetts",1,42.597691,-70.8732
"Beloit | Wisconsin",1,42.615909,-89.07941199999999
"American Falls | Idaho",1,42.635233,-112.945777
"Gloucester | Massachusetts",1,42.641294,-70.75019
"Cloud | Iowa",1,42.666494,-93.627104
"Latham | New York",1,42.68389,-73.87526299999999
"North Adams | Massachusetts",1,42.702584,-73.1374635
"Hudson | New Hampshire",1,42.76386,-71.43139
"Whitewater | Wisconsin",1,42.7749115,-88.61730349999999
"Newburyport | Massachusetts",1,42.8076485,-70.86551299999999
"Plaistow | New Hampshire",1,42.83648,-71.09478
"Oxford | Michigan",1,42.840649,-83.2458685
"Pinedale | Wyoming",1,42.849757,-109.938968
"Bedford | New Hampshire",1,42.93743,-71.535515
"Clare | Michigan",1,42.9661445,-85.467657
"Delafield | Wisconsin",1,43.015666,-88.386519
"Greenland | New Hampshire",1,43.0438385,-70.85019299999999
"Newington | New Hampshire",1,43.100087,-70.833667
"Riverton | Wyoming",1,43.1199595,-108.41260349999999
"Sun Prairie | Wisconsin",1,43.1644775,-89.2753385
"Martin | South Dakota",1,43.173796,-101.7180735
"Rochester | New York",1,43.1857869619048,-77.63272789523813
"Dover | New Hampshire",1,43.281378,-70.981505
"Grafton | Wisconsin",1,43.299956,-87.94104
"Belgium | Wisconsin",1,43.499631,-87.918042
"Midland | Michigan",1,43.5036891,-84.4040207
"Viroqua | Wisconsin",1,43.529506,-90.90977766666667
"Hailey | Idaho",1,43.54195,-114.31008
"Mount Pleasant | Michigan",1,43.588032,-84.780846
"Woodstock | Vermont",1,43.624181,-72.52743699999999
"Ketchum | Idaho",1,43.669159,-114.485781
"Falmouth | Maine",1,43.753985,-70.300651
"Yarmouth | Maine",1,43.7785985,-70.15781949999999
"Houston | Minnesota",1,43.781431,-91.571198
"Bloomington | Minnesota",1,43.9055185,-93.07408799999999
"Middlebury | Vermont",1,43.9907155,-73.17504600000001
"Buffalo | Wyoming",1,44.122611,-106.561068
"Combined Locks | Wisconsin",1,44.26582,-88.31427
"Colchester | Vermont",1,44.492894,-73.143507
"Milton | Vermont",1,44.6503945,-73.13308699999999
"Saint Albans | Vermont",1,44.7836625,-73.075094
"Chanhassen | Minnesota",1,44.853364,-93.572584
"Mendota | Minnesota",1,44.886554,-93.161258
"Saint Louis Park | Minnesota",1,44.90414,-93.373157
"Hudson | Wisconsin",1,44.9779035,-92.725865
"Cambridge | Maine",1,45.036055,-69.438697
"Hamel | Minnesota",1,45.0844525,-93.5580965
"Elk River | Minnesota",1,45.29802,-93.57246
"West Linn | Oregon",1,45.357701,-122.64500899999999
"Tigard | Oregon",1,45.405501,-122.795057
"Harbor Springs | Michigan",1,45.433067,-85.007139
"Marquette | Michigan",1,46.5122935,-87.3555585
"Superior | Wisconsin",1,46.646628,-92.120968
"Pullman | Washington",1,46.7575815,-117.30823975
"Camas | Washington",1,47.093297,-122.512118
"Eveleth | Minnesota",1,47.386893,-92.452058
"Maple Valley | Washington",1,47.79463875,-122.0195105
"Snohomish | Washington",1,47.91939675,-122.03583175
"Port Townsend | Washington",1,48.033915,-122.8393705
"Columbia Falls | Montana",1,48.37246,-114.18152
"Burlington | Washington",1,48.4883045,-122.33551349999999
"Anacortes | Washington",1,48.499172,-122.607111
"Hialeah | Florida",1,26.329239666666666,-81.02196491666666
"Bonita Springs | Florida",1,26.379749285714286,-81.83559100000001
"Fort Myers | Florida",1,26.573380999999994,-81.85206965
"Jupiter | Florida",1,26.885384199999997,-80.19866440000001
"North Port | Florida",1,27.071683999999998,-82.1820346
"Hobe Sound | Florida",1,27.081963666666667,-80.25205566666666
"Sebring | Florida",1,27.459825000000006,-81.4325475
"Bradenton | Florida",1,27.478495511627898,-82.54808934883717
"Oakland Park | Florida",1,27.843728999999996,-81.14747233333333
"Clearwater Beach | Florida",1,27.958868518518507,-82.78486477777776
"Port Saint Lucie | Florida",1,28.058550083333333,-81.658047
"Melbourne | Florida",1,28.11666826923076,-80.6258988846154
"Satellite Beach | Florida",1,28.162511000000002,-80.589218
"New Port Richey | Florida",1,28.248747260869564,-82.70269286956518
"Mcallen | Texas",1,28.272598666666667,-98.77054533333336
"Cocoa Beach | Florida",1,28.316205500000002,-80.6547915
"Winter Garden | Florida",1,28.530963333333332,-81.49532066666667
"Riverview | Florida",1,28.534467250000002,-82.914031375
"Altamonte Springs | Florida",1,28.690151000000004,-81.32576716666667
"Spring Hill | Florida",1,28.958520500000002,-82.6523355
"Daytona Beach | Florida",1,29.09877238888889,-81.09479999999998
"Seabrook | Texas",1,29.581341000000002,-95.0067315
"Missouri City | Texas",1,29.58268766666667,-95.527956
"Panama City | Florida",1,30.200998400000003,-85.70172875000002
"Brenham | Texas",1,30.206391999999997,-96.37375433333334
"Lafayette | Louisiana",1,30.212713750000002,-92.04528691666667
"Spicewood | Texas",1,30.441446499999998,-98.10043300000001
"Baton Rouge | Louisiana",1,30.46261517999999,-91.13343315999981
"Pensacola | Florida",1,30.48279342253522,-87.25268898591548
"Cedar Park | Texas",1,30.580382999999998,-97.71337600000001
"Spring | Texas",1,30.981930705882352,-96.13911076470589
"Brunswick | Georgia",1,31.223948166666663,-81.51172566666666
"Taylor | Texas",1,31.766061066666662,-96.5316675333333
"Tyler | Texas",1,31.766061066666666,-96.5316675333333
"Kyle | Texas",1,32.11037828571428,-97.81122214285713
"Sunnyvale | Texas",1,32.218030666666664,-96.219386
"Columbus | Georgia",1,32.46618262626259,-84.97681843434343
"Opelika | Alabama",1,32.626154199999995,-85.3730598
"Johns Island | South Carolina",1,32.73134133333333,-79.98697033333333
"Italy | Texas",1,32.963592750000004,-99.286883
"Flower Mound | Texas",1,33.08897833333334,-97.098561
"Allen | Texas",1,33.104116000000005,-96.6425475
"Denton | Texas",1,33.13616128571428,-97.29469221428572
"Oceanside | California",1,33.16130845454546,-117.19609572727272
"Tuscaloosa | Alabama",1,33.21762277777781,-87.56292077777789
"Peachtree City | Georgia",1,33.45995966666666,-84.35461400000001
"Peoria | Arizona",1,33.53200183333333,-112.22484383333334
"Lubbock | Texas",1,33.578574534653455,-101.86113447524737
"Surprise | Arizona",1,33.593481142857144,-112.40020514285713
"Palm Desert | California",1,33.709377599999996,-116.32454579999998
"Anaheim | California",1,33.74281578947368,-117.83286657894737
"Corona | California",1,33.798595999999996,-116.80231119999999
"Signal Hill | California",1,33.804010999999996,-118.17499066666666
"Inglewood | California",1,33.84228939999999,-118.3147145333333
"Lake Elsinore | California",1,33.876185750000005,-117.2136555
"Lilburn | Georgia",1,33.905348000000004,-84.08443133333333
"Lawrenceville | Georgia",1,33.91094857142857,-84.06137428571427
"Monterey Park | California",1,33.963493666666665,-118.18550699999999
"Tarzana | California",1,33.970845499999996,-118.42310749999999
"Riverside | California",1,33.97202503124994,-117.28131498437487
"Malibu | California",1,33.982243749999995,-118.6222285
"Canoga Park | California",1,34.044046800000004,-118.49270999999999
"Acworth | Georgia",1,34.052597500000005,-84.6483775
"Woodstock | Georgia",1,34.12504633333333,-84.50337333333333
"Simi Valley | California",1,34.154671625000006,-118.930706875
"Rancho Cucamonga | California",1,34.27526339999999,-117.2384994
"Ojai | California",1,34.337433000000004,-119.23420066666667
"Murrieta | California",1,34.549534400000006,-117.9629368
"Seneca | South Carolina",1,34.663078999999996,-82.94120325
"Palestine | Arkansas",1,34.924957500000005,-90.905118
"Brea | California",1,35.15451316666667,-118.54368616666666
"Norman | Oklahoma",1,35.22583471428572,-97.42489557142856
"Lincoln | California",1,35.25800933333334,-118.79867899999999
"Amarillo | Texas",1,35.264785833333384,-101.8538818444444
"Davidson | North Carolina",1,35.377888999999996,-81.76156649999999
"Lake Forest | California",1,35.49070233333333,-118.497124
"Springdale | Arkansas",1,35.62925681818182,-93.52063536363636
"Los Alamos | New Mexico",1,35.81511966666667,-105.91180366666667
"Clayton | North Carolina",1,35.845913333333336,-77.80178666666667
"Lenoir | North Carolina",1,35.93095733333333,-81.60902700000001
"Oak Ridge | Tennessee",1,36.03792166666667,-84.20712966666666
"Santa Clarita | California",1,36.03870546666666,-120.48342173333334
"Bristol | Tennessee",1,36.524544500000005,-82.24998399999998
"Salinas | California",1,36.65769183333332,-121.61438976190486
"Chesapeake | Virginia",1,36.74859299999999,-76.28397321428572
"Newport News | Virginia",1,37.10293993333333,-76.49852046666668
"Morgan Hill | California",1,37.17251019999999,-121.65410299999999
"London | Kentucky",1,37.19047827272727,-84.59546372727274
"Roanoke | Virginia",1,37.28201702040817,-79.95099991836736
"Lynchburg | Virginia",1,37.36811538461538,-79.17033415384616
"Turlock | California",1,37.53617666666667,-120.88827566666667
"Daly City | California",1,37.581689833333336,-122.42101883333333
"Manakin Sabot | Virginia",1,37.659506500000006,-77.7055655
"Wichita | Kansas",1,37.68860116513755,-97.34156459633044
"Carbondale | Illinois",1,37.703678249999996,-89.2029995
"Moraga | California",1,37.81903166666667,-122.05470833333334
"Evansville | Indiana",1,37.99290135555556,-87.56915806666667
"San Anselmo | California",1,38.031949999999995,-122.659401
"Keswick | Virginia",1,38.042471500000005,-78.3209
"Stafford | Virginia",1,38.08856716666667,-78.014226
"Pleasant Hill | California",1,38.12446866666667,-121.68143283333335
"Vallejo | California",1,38.14337914285714,-122.22191585714286
"Shelbyville | Kentucky",1,38.23992766666667,-85.21602433333334
"New Albany | Indiana",1,38.295920499999994,-85.867436
"Scotland | Maryland",1,38.397026000000004,-76.61349133333333
"Huntington | West Virginia",1,38.41385459405935,-82.38654524752475
"Cambridge | Maryland",1,38.501354500000005,-76.03628950000001
"La Plata | Maryland",1,38.501442999999995,-77.066131
"Fenton | Missouri",1,38.584110499999994,-90.447244
"Woodbridge | Virginia",1,38.674378142857144,-77.35904014285714
"Annandale | Virginia",1,38.828469500000004,-77.20630975
"Lanham | Maryland",1,38.907866999999996,-76.86517233333333
"Shawnee Mission | Kansas",1,38.95356931111111,-94.73160906666669
"Lawrence | Kansas",1,38.95564366666667,-95.25976466666668
"Wa Keeney | Kansas",1,38.97571666666666,-99.889318
"Owings Mills | Maryland",1,39.00810800000001,-76.67868779999999
"Topeka | Kansas",1,39.04502733980586,-95.70303387378624
"Grand Junction | Colorado",1,39.068359238095226,-108.547998
"Potomac | Maryland",1,39.075846000000006,-77.20764833333334
"Hebron | Kentucky",1,39.095857499999994,-84.7183905
"Loveland | Ohio",1,39.256379333333335,-84.26721500000001
"Essex | Maryland",1,39.308589999999995,-76.462429
"Glenwood | Maryland",1,39.398444999999995,-76.6736325
"Mount Airy | Maryland",1,39.400952000000004,-77.1890355
"Springville | Utah",1,39.453509999999994,-111.72325033333334
"Breckenridge | Colorado",1,39.46926633333334,-105.79768
"Milford | Ohio",1,39.50571866666667,-84.00603433333333
"Monkton | Maryland",1,39.584258000000005,-76.6097635
"New Castle | Delaware",1,39.61361333333333,-75.601701
"Arvada | Colorado",1,39.74187899999999,-105.14964899999998
"Sabetha | Kansas",1,39.916636999999994,-95.823543
"Cherry Hill | New Jersey",1,39.92353657142858,-75.01717414285714
"Toms River | New Jersey",1,39.94503533333334,-74.19998550000001
"Upper Darby | Pennsylvania",1,39.94900833333333,-75.27034633333334
"York | Pennsylvania",1,39.956298133333334,-76.70173640000002
"Havertown | Pennsylvania",1,39.970958499999995,-75.315162
"Downingtown | Pennsylvania",1,40.026518499999995,-75.741556
"Lancaster | Pennsylvania",1,40.04097453333334,-76.33270133333333
"Brick | New Jersey",1,40.05673766666667,-74.10586266666667
"Phoenixville | Pennsylvania",1,40.127500999999995,-75.53610850000001
"Royersford | Pennsylvania",1,40.207601999999994,-75.53004250000001
"West Caldwell | New Jersey",1,40.21381233333333,-74.83044333333333
"Trenton | New Jersey",1,40.22076579611644,-74.72591007766982
"Warrington | Pennsylvania",1,40.237179499999996,-75.140685
"Warminster | Pennsylvania",1,40.25425633333333,-75.08279533333332
"Oakmont | Pennsylvania",1,40.254376500000006,-77.5720875
"Spring Lake | New Jersey",1,40.26296172727273,-74.60546363636364
"Washington | Pennsylvania",1,40.272541249999996,-77.168864375
"Drexel Hill | Pennsylvania",1,40.37322785714286,-76.50819942857143
"Mechanicsburg | Pennsylvania",1,40.37855600000001,-76.62508911111111
"Macedonia | Ohio",1,40.39053233333333,-83.57716966666668
"Braddock | Pennsylvania",1,40.398956999999996,-79.8612975
"Pennsburg | Pennsylvania",1,40.40185133333333,-77.022387
"Morrisville | Pennsylvania",1,40.421538000000005,-77.835425125
"Steamboat Springs | Colorado",1,40.513118750000004,-106.89971575
"Somerset | New Jersey",1,40.524471000000005,-74.60536366666666
"Sewickley | Pennsylvania",1,40.530878666666666,-80.11269133333333
"Flemington | New Jersey",1,40.533614666666665,-74.86870499999999
"West Jordan | Utah",1,40.60443966666667,-111.99520666666666
"Findlay | Ohio",1,40.63303066666666,-83.83810999999999
"Spring House | Pennsylvania",1,40.659306731707325,-77.15846521951217
"Peoria | Illinois",1,40.712461999999995,-89.63372058333331
"Lima | Ohio",1,40.735115111111114,-84.12574599999999
"Devon | Pennsylvania",1,40.748984666666665,-76.05976566666665
"Stroudsburg | Pennsylvania",1,40.86189033333333,-76.132399
"Garden City | New York",1,40.907494400000004,-73.9139504
"Stony Brook | New York",1,40.909637000000004,-73.126119
"Rockaway | New Jersey",1,40.944965999999994,-74.493909
"Montvale | New Jersey",1,40.95387233333333,-74.25775066666667
"Paramus | New Jersey",1,40.95548766666667,-74.07242433333333
"Ridgewood | New Jersey",1,40.971950666666665,-74.09127966666667
"Rye | New York",1,41.016293999999995,-73.71103766666666
"Ramsey | New Jersey",1,41.059129999999996,-74.13968600000001
"Medina | Ohio",1,41.125813666666666,-81.85222866666666
"Elyria | Ohio",1,41.143217199999995,-82.6213764
"Cuyahoga Falls | Ohio",1,41.14773866666667,-81.51343766666666
"Mentor | Ohio",1,41.154141800000005,-82.2121968
"Ogden | Utah",1,41.22539000961535,-111.97392346153865
"Wilkes Barre | Pennsylvania",1,41.248946243243225,-75.87767583783784
"West Haven | Connecticut",1,41.285024500000006,-72.950219
"Independence | Ohio",1,41.35888066666667,-82.53133533333333
"Wakefield | Rhode Island",1,41.39561633333334,-71.59097166666668
"Sylvania | Ohio",1,41.467570333333335,-83.23760433333332
"Valparaiso | Indiana",1,41.469753000000004,-87.056862
"North Kingstown | Rhode Island",1,41.502052666666664,-71.52552233333333
"West Kingston | Rhode Island",1,41.504459999999995,-71.615046
"Middlefield | Connecticut",1,41.514250000000004,-72.71876449999999
"Urbandale | Iowa",1,41.63008166666666,-93.76054599999999
"Lincolnwood | Illinois",1,41.652259571428566,-88.05778171428571
"Mishawaka | Indiana",1,41.66576033333334,-86.16370966666666
"Bolingbrook | Illinois",1,41.683462999999996,-88.12842466666666
"Glastonbury | Connecticut",1,41.707605666666666,-72.57187433333333
"West Hartford | Connecticut",1,41.80056533333333,-72.78071083333334
"Willington | Connecticut",1,41.88180966666666,-72.254409
"Menlo | Iowa",1,41.90001566666667,-94.67571
"Saint Charles | Illinois",1,41.944651666666665,-88.33181366666668
"Glencoe | Illinois",1,42.008559500000004,-87.90055749999999
"South Easton | Massachusetts",1,42.04553433333333,-71.300872
"Foxboro | Massachusetts",1,42.062930333333334,-71.22816333333334
"Springfield | Massachusetts",1,42.109025505050454,-72.58718043434332
"Braintree | Massachusetts",1,42.160838749999996,-70.9375705
"Dedham | Massachusetts",1,42.21940433333333,-71.139956
"Northborough | Massachusetts",1,42.220949499999996,-71.763559
"Westwood | Massachusetts",1,42.222128999999995,-71.19450699999999
"Ypsilanti | Michigan",1,42.232127250000005,-83.6053
"Quincy | Massachusetts",1,42.256227833333334,-71.02286316666668
"Worcester | Massachusetts",1,42.26857518181814,-71.80861043434338
"Chestnut Hill | Massachusetts",1,42.317702499999996,-71.1614535
"Battle Creek | Michigan",1,42.31772757142857,-85.15585314285714
"Freeport | Illinois",1,42.320766500000005,-89.614195
"Granville | Massachusetts",1,42.34715383333333,-72.59602633333334
"Weston | Massachusetts",1,42.403448999999995,-71.38141949999999
"Waterloo | Iowa",1,42.48891620000004,-92.33978277999994
"Groton | Massachusetts",1,42.50151733333333,-71.494693
"Harvard | Massachusetts",1,42.511248499999994,-71.58768699999999
"Walled Lake | Michigan",1,42.609137000000004,-83.43178
"Troy | New York",1,42.77440333333333,-73.99304988888888
"La Fayette | New York",1,42.878638499999994,-76.084809
"Hampton Falls | New Hampshire",1,42.935652000000005,-70.86011533333333
"Grandville | Michigan",1,42.965239333333336,-85.671341
"New Berlin | Wisconsin",1,42.985576333333334,-88.14409233333333
"Waukesha | Wisconsin",1,43.007381800000005,-88.26022100000002
"Brookfield | Wisconsin",1,43.04740433333333,-88.18826433333334
"Concord | New Hampshire",1,43.25587614285714,-71.583885
"Rochester | New Hampshire",1,43.31957414285715,-70.97994842857143
"Neenah | Wisconsin",1,43.942463333333336,-88.53264133333333
"Westbrook | Maine",1,44.06947983333333,-70.172577
"Manitowoc | Wisconsin",1,44.094803750000004,-87.67902624999999
"Lewiston | Maine",1,44.131631500000005,-70.23666375
"Winooski | Vermont",1,44.496809999999996,-73.183506
"Corvallis | Oregon",1,44.56700825000001,-123.29271612500003
"Sherwood | Oregon",1,44.71973666666667,-123.29438566666666
"Salem | Oregon",1,44.83009785714287,-123.00064885714285
"Maple Plain | Minnesota",1,45.028699428571436,-93.55846214285715
"Litchfield | Minnesota",1,45.164544500000005,-94.4981205
"Traverse City | Michigan",1,45.17133033333334,-86.04434333333334
"Gresham | Oregon",1,45.483539666666665,-122.41924433333332
"Stevenson | Washington",1,45.689980500000004,-121.93444600000001
"Mesa | Idaho",1,46.071869500000005,-116.1356955
"Duluth | Minnesota",1,46.806749200000006,-92.11476683999997
"Bismarck | North Dakota",1,46.87536971428572,-100.66170028571428
"Gig Harbor | Washington",1,47.329240500000004,-122.652546
"Milton | Washington",1,47.563780333333334,-120.69938433333334
"Woodinville | Washington",1,47.75130166666667,-122.09389600000002
"Poulsbo | Washington",1,47.776542000000006,-122.631706
"Lynnwood | Washington",1,47.864565999999996,-122.18623366666667
"Everett | Washington",1,47.94299522222221,-122.11099970370371
"Ketchikan | Alaska",1,55.62478266666667,-131.55735