State,City,Count,Lat,Lng
California,San Francisco,2549,37.6863472688172,-122.32924543010762
New York,New York,2053,40.75604430597011,-73.98603002238791
California,Palo Alto,450,37.3613428,-122.0120871
Massachusetts,Boston,437,42.344929431034494,-71.0072793448276
California,Los Angeles,435,33.970957901639345,-118.2955813852459
Washington,Seattle,414,47.57233999999998,-122.23779357500025
Texas,Austin,392,30.326505816091935,-97.73459402298853
Illinois,Chicago,389,41.84789181188118,-87.67456791089113
California,Mountain View,354,36.89368714285714,-121.24240442857142
Massachusetts,Cambridge,290,42.394734142857146,-71.20797742857143
California,San Diego,285,32.85711492380955,-117.0373063142857
California,San Jose,281,37.27882654545458,-121.81902791919192
California,Sunnyvale,231,36.44597763636364,-120.9633987272727
California,Redwood City,225,37.408986375,-122.208050875
California,San Mateo,223,37.51738553465349,-122.27439284158432
Georgia,Atlanta,209,33.822957218487396,-84.40122060504198
California,Santa Clara,205,36.03870546666666,-120.4834217333333
California,Santa Monica,190,34.00564420792088,-118.47945371287105
California,Menlo Park,146,37.405523200000005,-122.2429684
Colorado,Denver,145,39.7435037525773,-104.87196895876285
Colorado,Boulder,139,40.05887675,-105.3353618125
District of Columbia,Washington,128,38.89608695207664,-77.02109777635782
Pennsylvania,Pittsburgh,121,40.43973607874018,-79.99431141732298
Pennsylvania,Philadelphia,118,39.99389995041322,-75.14207979338846
Oregon,Portland,118,45.52501525742577,-122.60847207920801
Texas,Dallas,116,32.78261020000005,-96.7855127333334
Florida,Miami,105,25.742200186567135,-80.2809166492538
California,Oakland,93,37.78064285000003,-122.20169248333347
Tennessee,Nashville,90,36.16233242201846,-86.7883665412843
Texas,Houston,84,29.798803752525277,-95.423416989899
California,Irvine,84,33.685958052631584,-117.80229826315791
California,Berkeley,79,37.85538554545454,-122.239959
North Carolina,Durham,77,35.995299059405895,-78.89688959405923
Maryland,Baltimore,77,39.30155074712636,-76.61634412643693
Missouri,St Louis,73,38.63711316406252,-90.29315422656232
Massachusetts,Waltham,73,42.39304071428571,-71.26560157142856
Minnesota,Minneapolis,72,44.992356927272795,-93.32185210000003
Nevada,Las Vegas,68,36.09128086315788,-115.13999633684203
Washington,Bellevue,66,47.528740222222225,-122.05542744444445
Ohio,Cincinnati,63,39.16670147863244,-84.48728758119657
Utah,Salt Lake City,62,40.721880351351416,-111.8860414864862
California,Fremont,57,37.561941833333336,-121.97705233333333
North Carolina,Raleigh,55,35.78937827358497,-78.66866387735841
Ohio,Cleveland,55,41.530907273809525,-81.6741552380952
Michigan,Ann Arbor,53,42.26670200000001,-83.77982425
Arizona,Scottsdale,52,33.535880000000006,-111.93007825
Indiana,Indianapolis,50,39.7890888739496,-86.14457999159647
Wisconsin,Madison,50,43.09615207142857,-89.33658666666668
California,Cupertino,48,37.248003,-121.8929775
California,Burlingame,47,37.44312466666667,-122.34574099999999
California,South San Francisco,46,37.517347,-122.381818
California,Venice,45,33.95050500000001,-118.4288184
Ohio,Columbus,45,39.98798588235293,-82.99161072549018
California,Campbell,42,37.219118333333334,-121.788585
Virginia,Reston,42,38.885894857142866,-77.31305942857144
Rhode Island,Providence,40,41.824090531914884,-71.41590804255316
California,Pasadena,38,33.89060497142859,-118.25153325714285
Virginia,Arlington,38,38.88523771428573,-77.0888238775509
California,Culver City,36,33.89768125,-118.34582125
California,Los Altos,36,37.31969575,-122.020386
California,Milpitas,35,37.4466305,-121.8878105
California,Emeryville,35,37.7570285,-122.10848899999999
Arizona,Phoenix,35,33.427967682692326,-112.11938641346163
California,Pleasanton,34,38.12446866666667,-121.68143283333335
Virginia,Mclean,34,38.91812816666667,-77.214829
Delaware,Wilmington,34,39.72077932727268,-75.5581887999998
Massachusetts,Burlington,33,42.47562,-71.330472
Texas,San Antonio,33,29.45877908928571,-98.491555875
Maryland,Bethesda,32,39.03532987500001,-77.13915762499998
Florida,Tampa,30,27.943984825688048,-82.46154118348623
Florida,Orlando,30,28.525636824175837,-81.32677638461541
California,Santa Barbara,30,34.41388379120873,-119.70731310988994
California,El Segundo,29,33.91918,-118.41647
California,Los Gatos,29,37.2026228,-121.9166678
New York,Brooklyn,29,40.632167,-73.941757
Tennessee,Memphis,29,35.15792825961543,-89.98451973076907
California,La Jolla,28,32.831576,-117.280321
California,Beverly Hills,28,33.9605972,-118.35964820000001
North Carolina,Charlotte,27,35.23660438000006,-80.82095507000007
California,San Carlos,27,37.438802499999994,-122.30369049999999
Missouri,Kansas City,27,39.102534747252754,-94.50616148351655
Michigan,Detroit,27,42.31629300000002,-83.09280860674146
Virginia,Charlottesville,26,38.04959508333334,-78.49107016666667
Massachusetts,Lexington,26,42.443147749999994,-71.2765435
Georgia,Alpharetta,25,33.603334875,-84.29661099999998
Massachusetts,Somerville,25,42.3881515,-71.103286
Florida,Fort Lauderdale,25,26.13097243103448,-80.25729362068967
California,Carlsbad,25,33.08772483333333,-117.14134083333335
North Carolina,Morrisville,24,35.447622833333334,-79.663106
California,Hayward,24,37.66477149999999,-122.02659009999999
Virginia,Herndon,23,38.800666,-77.12938688888887
California,San Bruno,23,34.34472529629637,-117.38575899074073
Tennessee,Chattanooga,23,35.05323935922335,-85.29703058252439
Maryland,Rockville,23,39.09906407692308,-77.16212369230769
Massachusetts,Woburn,23,42.457272124999996,-71.383038875
Washington,Redmond,23,47.611813125000005,-121.975576375
Washington,Kirkland,23,47.655259049999984,-122.11852420000002
New Jersey,Princeton,22,40.328367,-74.66174266666667
Massachusetts,Newton,22,42.34597058333333,-71.28965008333334
Nebraska,Lincoln,21,40.80610053921572,-96.67478216666657
Connecticut,Stamford,21,41.15412203999999,-73.47503851999998
California,Foster City,20,37.5702726,-122.2572964
Texas,Plano,20,33.00615186363637,-96.66576190909086
Utah,Provo,20,40.24782542857143,-111.64726214285714
Florida,Boca Raton,19,26.596609588235296,-80.2943140588235
Virginia,Vienna,19,38.656203250000004,-77.87337174999999
Texas,Richardson,18,32.616224125,-96.6328455
Arizona,Tucson,18,32.16796183076923,-111.11997687692308
California,West Hollywood,17,34.027085,-118.44841966666667
California,Newark,17,37.534102,-122.025352
Utah,Lehi,17,40.4003705,-111.861727
Louisiana,New Orleans,17,30.025913797979797,-89.95629093939395
New Mexico,Albuquerque,17,35.080577234693926,-106.64211978571443
Kentucky,Louisville,17,38.214776575221265,-85.70062710619459
Missouri,Saint Louis,17,38.63711316406252,-90.29315422656232
Wisconsin,Milwaukee,17,43.04416807920797,-87.9122900000001
California,Newport Beach,16,33.615402,-117.88243912500002
California,Sausalito,16,37.928997,-122.59385033333335
Nebraska,Omaha,16,41.2663845346534,-96.01626293069307
South Carolina,Charleston,16,32.84740291666666,-79.95214491666665
California,California City,16,35.40455866666667,-118.14621566666666
Tennessee,Franklin,16,35.90614516666667,-86.90416166666667
California,San Ramon,16,37.77381866666666,-121.92950366666666
Virginia,Alexandria,16,38.80325654545447,-77.05581529292938
Pennsylvania,Malvern,15,40.054413,-75.5182535
California,Aliso Viejo,15,33.608253500000004,-117.74990299999999
Illinois,Champaign,15,40.123352714285716,-88.26018771428572
Connecticut,New Haven,15,41.34142727272727,-72.92128893939397
Massachusetts,Marlborough,14,42.5329245,-71.259285
Florida,Miami Beach,14,25.761964714285714,-80.19231542857143
Texas,Irving,14,32.81605262499999,-96.90232037499999
California,Santa Cruz,14,36.63020977777778,-121.39015833333332
Maryland,Gaithersburg,14,39.15306641176472,-77.20165688235296
Delaware,Newark,14,39.63513918750001,-75.68011499999999
Colorado,Englewood,14,39.657997040000026,-104.88662559999999
Colorado,Broomfield,14,39.93213433333334,-105.06600666666667
Idaho,Boise,14,43.51276294736842,-116.22681792105267
Colorado,Louisville,13,40.0193915,-105.26629249999999
Massachusetts,Bedford,13,42.5034275,-71.27353049999999
Alabama,Birmingham,13,33.52241570786516,-86.85777575280896
Arkansas,Fayetteville,13,36.044621799999994,-94.1720816
Virginia,Richmond,13,37.54978031818182,-77.46787586363622
California,Sacramento,13,38.46863620567375,-121.45240475886501
New Jersey,Jersey City,13,40.727790470588154,-74.07611338235307
Tennessee,Brentwood,12,35.928767,-86.8618115
Utah,Draper,12,40.506148,-111.869671
New Jersey,Hoboken,12,40.746851,-74.033934
Florida,Jacksonville,12,30.31990186725659,-81.6574476106194
Arizona,Chandler,12,33.28163611111111,-111.87322322222222
Pennsylvania,Wayne,12,40.03108099999999,-75.3833912
California,Calabasas,11,33.954952,-118.484845
South Carolina,Greenville,11,34.8488390909091,-82.38963045454544
California,Brisbane,11,37.689182,-122.404332
Maryland,Columbia,11,39.281357,-76.7251205
Massachusetts,Acton,11,42.48509,-71.43284
California,Walnut,11,33.86384733333333,-118.15074800000001
Oklahoma,Tulsa,11,36.142547744680776,-95.97981095744677
Kansas,Kansas City,11,39.11233093137262,-94.64194445098032
Texas,Addison,10,32.96179,-96.82917
California,Westlake Village,10,34.061161,-118.79179939999999
Kansas,Overland Park,10,39.02315,-94.669467
Massachusetts,Andover,10,42.6450014,-71.11948280000001
Florida,Gainesville,10,29.709735681818184,-82.45000495454548
California,Laguna Hills,10,33.603437333333325,-117.72128766666667
California,Costa Mesa,10,33.65548833333333,-117.86697266666665
California,Torrance,10,33.834470510000045,-118.33824016000013
Oklahoma,Oklahoma City,10,35.49985017894737,-97.47566255789484
Virginia,Fairfax,10,38.828656933333335,-77.29848726666665
Colorado,Colorado Springs,10,38.83022245762712,-104.67752994915256
Massachusetts,Wellesley,10,42.30007966666667,-71.30081799999999
New Hampshire,Manchester,10,42.99331294845368,-71.46273682474236
Minnesota,Saint Paul,10,44.954542686956536,-93.09833792173924
Oregon,Beaverton,10,45.49293081818183,-122.85360154545455
California,Redwood Shores,9,37.5329457,-122.264781
California,Marina Del Rey,9,33.8828005,-118.37825699999999
North Carolina,Cary,9,35.5276825,-78.7149
California,Alameda,9,37.7528255,-122.253923
California,Davis,9,38.5868375,-121.8800005
Colorado,Greenwood Village,9,39.645995,-105.011411
Pennsylvania,King Of Prussia,9,40.061183,-75.49916333333334
Utah,Orem,9,40.2757268,-111.675477
Colorado,Fort Collins,9,40.5646998,-105.1839831
Minnesota,Plymouth,9,45.010519,-93.455509
Arizona,Tempe,9,33.36573644444445,-111.98951422222224
California,San Clemente,9,33.44059766666667,-117.61835
Tennessee,Knoxville,9,35.96464242056076,-83.93588985981307
California,San Rafael,9,38.00383130769229,-122.5672350769231
California,Santa Rosa,9,38.45744472727273,-122.74012663636363
Utah,Sandy,9,40.59685877777778,-111.83523355555555
New Jersey,Newark,9,40.74317988541673,-74.18417894791675
Connecticut,Norwalk,9,41.17410966666667,-73.40044133333332
Iowa,Des Moines,9,41.631934274509746,-93.59314261764696
Massachusetts,Needham,9,42.265378999999996,-71.2019588
Massachusetts,Framingham,9,42.377016999999995,-71.44929883333333
Pennsylvania,Radnor,8,40.0284651,-75.3699007
California,Manhattan Beach,8,33.8378725,-118.3503945
Maryland,College Park,8,38.9659782,-76.9265068
Illinois,Naperville,8,41.76044975,-88.14485975
Vermont,Burlington,8,44.422577,-73.04866633333334
Minnesota,Minnetonka,8,44.923849,-93.49691266666666
Florida,West Palm Beach,8,26.71728248148148,-80.17211996296295
Florida,Sarasota,8,27.31624726190477,-82.49531742857135
Florida,St. Petersburg,8,27.801401608108097,-82.69287544594599
California,San Juan Capistrano,8,33.62642557142858,-117.70736585714285
Georgia,Marietta,8,33.944232608695636,-84.54087726086958
California,Burbank,8,33.95714357142856,-118.3069939285714
California,Glendale,8,34.346055920000005,-118.49641003999999
California,Woodland Hills,8,35.18202761538461,-119.26523346153846
Nevada,Henderson,8,36.00031466666667,-115.01199975000002
California,San Leandro,8,36.19659733333334,-120.34122216666667
California,Belmont,8,36.45934499999999,-120.67880033333334
California,Walnut Creek,8,37.99029228571429,-121.91158414285714
California,Petaluma,8,38.35167385714286,-122.839463
California,Mill Valley,8,38.603592000000006,-122.4740285
Maryland,Silver Spring,8,39.09285664000001,-77.05525824000001
Indiana,Carmel,8,40.00315666666666,-86.10332733333333
Pennsylvania,Bethlehem,8,40.676117857142856,-75.86437128571427
Illinois,Evanston,8,42.00813933333333,-87.69273199999999
Oregon,Bend,8,44.022102000000004,-121.21561029999998
Washington,Spokane,8,47.66087021904765,-117.41836850476216
California,Livermore,7,37.6385815,-121.666223
Colorado,Lakewood,7,39.744773,-105.115977
Utah,American Fork,7,40.395796,-111.803101
New Jersey,Parsippany,7,40.852118,-74.407706
Massachusetts,Medford,7,42.42605975,-71.1963685
Massachusetts,Westford,7,42.47301175,-71.65470549999999
Florida,Naples,7,26.15338020930231,-81.75983497674416
Texas,Fort Worth,7,32.75950609677419,-97.32074806451614
California,Solana Beach,7,32.997170499999996,-117.2574305
Kentucky,Lexington,7,38.02286571527764,-84.47353415972249
Virginia,Ashburn,7,39.06204866666666,-77.575776
Maryland,Frederick,7,39.42410128571429,-77.39657542857142
Colorado,Aurora,7,39.72198617391303,-104.69892291304349
Colorado,Lafayette,7,40.039964999999995,-105.08980199999999
Pennsylvania,Conshohocken,7,40.12622733333334,-75.31652833333334
Utah,South Jordan,7,40.524943500000006,-111.9485035
Massachusetts,Watertown,7,42.41388171428571,-71.33650585714285
Maine,Portland,7,43.90831123076923,-70.34032576923076
Montana,Missoula,7,46.926728600000004,-114.02194409999997
Washington,Bothell,7,47.643921399999996,-122.16038040000001
Florida,Delray Beach,6,26.527868875,-80.23252600000001
Texas,Frisco,6,32.5806116,-96.7593944
Kentucky,Canada,6,37.119157,-84.8729175
California,Napa,6,38.37176975,-122.2961085
New Jersey,Monmouth Junction,6,40.3956075,-74.53589299999999
Connecticut,Westport,6,41.2072964,-73.35307879999999
Massachusetts,Natick,6,42.284126,-71.3491555
Massachusetts,Allston,6,42.35843,-71.12589
Massachusetts,Concord,6,42.46037,-71.34895
Massachusetts,Chelmsford,6,42.59981,-71.36728
Minnesota,Maple Grove,6,45.127446,-93.445399
Florida,Winter Park,6,28.586642599999998,-81.29808499999999
Georgia,Duluth,6,33.985120555555554,-84.11479733333334
California,Thousand Oaks,6,34.16829107692308,-118.86616715384616
North Carolina,Chapel Hill,6,35.98309816666667,-79.08369333333333
California,Dublin,6,37.724236000000005,-121.90088449999999
Missouri,Columbia,6,38.97888030769231,-92.34530907692309
Maryland,Annapolis,6,38.98050209000008,-76.4987392300001
Kentucky,Covington,6,39.03827785714286,-84.53032985714286
Colorado,Centennial,6,39.815954999999995,-104.98922266666666
Ohio,Akron,6,41.08251985714276,-81.52201544897966
Connecticut,Branford,6,41.281060999999994,-72.8057025
Massachusetts,Westborough,6,42.148064749999996,-71.42474225000001
Massachusetts,Billerica,6,42.497862999999995,-71.355565
Massachusetts,Lowell,6,42.614039285714284,-71.340339
Michigan,Troy,6,42.63523132258065,-83.22660835483873
New Hampshire,Portsmouth,6,43.01125581818182,-71.01465945454544
New York,Syracuse,6,43.04843976635521,-76.15337042056059
Washington,Vancouver,6,45.683358851851835,-122.61406088888887
Washington,Issaquah,6,47.516078666666665,-122.00572366666667
Florida,Coral Gables,5,28.053073,-82.742879
California,Mission Viejo,5,33.698343,-117.754523
Georgia,Tucker,5,33.866431,-84.16869466666667
Georgia,Norcross,5,33.9486085,-84.145117875
California,Sherman Oaks,5,33.9672385,-118.37349674999999
California,Playa Vista,5,33.97279,-118.427578
California,Saratoga,5,37.244894,-121.92755766666669
Virginia,Leesburg,5,38.6593656,-77.80452340000001
California,Roseville,5,38.76218775,-121.29165474999999
Virginia,Chantilly,5,38.879595,-77.41137333333334
Kansas,Olathe,5,38.8845715,-94.83272087499999
Virginia,Dulles,5,39.0508588,-77.56553799999999
New Jersey,Bridgewater,5,40.598702,-74.607518
Iowa,Cedar Rapids,5,42.0145241100001,-91.64480929999979
Massachusetts,Tewksbury,5,42.2674716,-70.92863
Massachusetts,Littleton,5,42.53759,-71.51201
Massachusetts,Beverly,5,42.565145,-70.853843
California,Encinitas,5,33.035540999999995,-117.0481495
Arizona,Gilbert,5,33.300499200000004,-111.8087585
California,Long Beach,5,33.780175181818144,-118.20021799999992
Alabama,Huntsville,5,34.71872203333334,-86.5754929
Arkansas,Little Rock,5,34.74982592156865,-92.30182250000013
California,Goleta,5,35.008962833333335,-120.18553766666668
California,San Luis Obispo,5,35.30832611111111,-120.56215155555554
North Carolina,Asheville,5,35.599090117647066,-82.5549962352941
North Carolina,Greensboro,5,36.07684134426233,-79.85775890163939
Virginia,Blacksburg,5,37.195963000000006,-80.394402
California,Richmond,5,37.925801479166694,-122.32317399999988
California,Novato,5,38.111613999999996,-122.56741814285714
Delaware,Lewes,5,38.760808499999996,-75.1586565
Maryland,Germantown,5,38.987875200000005,-76.846726
Virginia,Sterling,5,39.033164285714285,-77.48256242857143
Nevada,Reno,5,39.649102384615446,-119.78358537179476
Colorado,Westminster,5,39.830512999999996,-104.72194825
Colorado,Longmont,5,40.135282749999995,-105.16501500000001
Pennsylvania,Exton,5,40.380514000000005,-77.7067375
New Jersey,Cranbury,5,40.507935999999994,-74.551505
New Jersey,Piscataway,5,40.50952366666667,-74.44530233333334
New York,Manhattan,5,40.75604430597011,-73.98603002238791
Iowa,Iowa City,5,41.63870516666666,-91.56634450000001
Illinois,Schaumburg,5,41.999767999999996,-88.01684700000001
Massachusetts,Southborough,5,42.286299666666665,-71.51878166666667
Massachusetts,Wakefield,5,42.492619999999995,-71.067052
Michigan,Grand Rapids,5,42.968615550000074,-85.64910515999985
Minnesota,Eden Prairie,5,44.85591300000001,-93.459446
Montana,Bozeman,5,45.67703928571429,-111.00449757142857
Florida,Weston,4,26.179116,-80.3411505
Florida,Alachua,4,29.800974,-82.48365100000001
South Carolina,Mount Pleasant,4,32.845918,-79.84429025
California,Temecula,4,33.6065604,-116.6970826
Georgia,Roswell,4,33.9966545,-84.38698675
California,East Palo Alto,4,37.3613428,-122.0120871
California,Portola Valley,4,37.385067,-122.2082375
California,Folsom,4,38.522004,-121.29303250000001
Virginia,Falls Church,4,38.8721753076923,-77.176861
Kentucky,California,4,38.905563,-84.317079
Kansas,Lenexa,4,38.953617,-94.733571
Kansas,Prairie Village,4,39.02315,-94.669467
Delaware,Dover,4,39.1431648,-75.49248680000001
Ohio,Mason,4,39.36006,-84.30994
Maryland,Lutherville Timonium,4,39.4299015,-76.62625125
Indiana,Fishers,4,39.95773,-85.980906
New Jersey,Holmdel,4,40.339563,-74.20965849999999
Pennsylvania,State College,4,40.8607996,-77.8205356
Illinois,Ohio,4,41.526144,-89.46398350000001
Connecticut,Bloomfield,4,41.851961,-72.738939
Illinois,Itasca,4,41.97503,-88.00729
Illinois,Skokie,4,42.0349695,-87.746294
Illinois,Deerfield,4,42.1857665,-87.866638
Massachusetts,Hopkinton,4,42.22358,-71.52282
Michigan,East Lansing,4,42.7037975,-84.44593625
New Hampshire,Nashua,4,42.7942216,-71.5188296
Wisconsin,Middleton,4,43.127661,-89.5353315
Washington,Mercer Island,4,47.56025,-122.228083
Florida,Vero Beach,4,27.660294384615383,-80.4648503076923
Florida,Clearwater,4,27.95886851851851,-82.78486477777778
California,Vista,4,33.152168833333334,-117.16475966666667
Arizona,Mesa,4,33.39139362068967,-111.84345075862063
California,Santa Ana,4,33.73926410000003,-117.86200780000003
California,Orange,4,33.746104666666646,-117.83062597435891
California,Ontario,4,34.17279450000001,-117.4045179285714
South Carolina,Spartanburg,4,34.95134395652174,-81.94207182608692
Maryland,Chevy Chase,4,39.032986666666666,-77.12114433333333
Indiana,Bloomington,4,39.33199615384615,-86.50438538461539
Ohio,Dayton,4,39.751498209523874,-84.19544768571421
California,Chico,4,39.75393557142856,-121.77305100000001
Pennsylvania,Blue Bell,4,40.162257333333336,-75.56272666666668
Indiana,West Lafayette,4,40.434256999999995,-86.91377475
Utah,Midvale,4,41.02411566666667,-111.73136699999999
Connecticut,Shelton,4,41.305415999999994,-73.1416825
Michigan,Kalamazoo,4,42.334072769230765,-85.3427073846154
New York,Buffalo,4,42.85939141346147,-78.81015300961539
Michigan,Plymouth,4,43.05222866666666,-84.56903966666667
South Dakota,Sioux Falls,4,43.55854052941169,-96.73601874509787
New Hampshire,Lebanon,4,43.74599700000001,-72.10402966666668
Alaska,Anchorage,4,61.47780964102564,-149.96660574358978
Kansas,Leawood,3,38.9056378,-94.6388552
Florida,Aventura,3,25.9531599,-80.1544397
Idaho,France,3,43.9724283,-111.2839815
Florida,Plantation,3,25.78915575,-80.34734575
Florida,North Miami Beach,3,25.919363,-80.152772
Florida,Stuart,3,27.1697545,-80.23075225
Florida,Ponte Vedra,3,30.1197896,-81.39308580000001
Florida,Tallahassee,3,30.46045935,-84.2988703
Texas,Georgetown,3,30.668777,-97.69097479999999
Texas,Carrollton,3,32.8188285,-97.12241516666667
Texas,Grapevine,3,32.852131,-97.186143
South Carolina,Denmark,3,33.237543,-81.104895
California,Seal Beach,3,33.74141,-118.10479
California,Hawthorne,3,33.872498,-118.33875499999999
California,Encino,3,33.97128825,-118.40088775
California,South Pasadena,3,34.110141,-117.866431
North Carolina,Wilmington,3,34.2049168,-77.8746328
California,Carpinteria,3,34.3339395,-119.68454
California,Lucerne Valley,3,34.50333,-116.92226
California,Scotts Valley,3,37.0621785,-121.977847
California,Millbrae,3,37.4897645,-122.367454
Virginia,Glen Allen,3,37.590116,-78.1660408
California,Alamo,3,37.85638,-122.0038
California,Lafayette,3,37.901223,-122.120089
Colorado,Telluride,3,37.9344365,-107.8343715
Virginia,Manassas,3,38.7479824,-77.4805526
Maryland,Fulton,3,39.160806,-76.927881
Ohio,Dublin,3,40.1070405,-83.14030149999999
Pennsylvania,Fort Washington,3,40.130959,-75.207437
Illinois,Glenview,3,40.3310975,-88.8791755
Pennsylvania,Paoli,3,40.339628,-76.14585650000001
Utah,Lindon,3,40.340251,-111.719923
Colorado,Loveland,3,40.3897588,-105.18693379999999
Indiana,Lafayette,3,40.4044875,-86.848467125
Pennsylvania,Berwyn,3,40.5427865,-77.593874
New Jersey,Fairfield,3,40.5508705,-74.2912975
New Jersey,South Plainfield,3,40.572065,-74.413545
Utah,Pleasant Grove,3,40.5741275,-111.82654674999999
New Jersey,Bedminster,3,40.659151,-74.676788
New Jersey,Hampton,3,40.6667,-74.964692
New Jersey,Berkeley Heights,3,40.675451,-74.422196
New Jersey,New Providence,3,40.696615,-74.40329
New York,Long Island City,3,40.7438308404255,-73.94785497872348
New Jersey,Cedar Knolls,3,40.820799,-74.456198
New Jersey,Clifton,3,40.882319,-74.17829971428571
New Jersey,Hackensack,3,40.918726,-74.0644645
New York,New City,3,41.1636835,-73.97698249999999
Ohio,Twinsburg,3,41.313304,-81.440435
Connecticut,Guilford,3,41.338847,-72.690089
Ohio,Beachwood,3,41.473248,-81.505389
Iowa,Coralville,3,41.699942,-91.6332
New York,Ithaca,3,42.4322626,-76.47395060000001
Massachusetts,Maynard,3,42.446396,-71.459405
Massachusetts,Wilmington,3,42.56566,-71.1651665
Massachusetts,Lawrence,3,42.686193,-71.09135774999999
Michigan,Holland,3,42.8292565,-86.18662800000001
California,Moffett Field,3,44.030119,-76.117353
Minnesota,Minnesota City,3,44.081907,-91.73508
Vermont,Williston,3,44.43755,-73.06818
North Dakota,Michigan,3,48.020355,-98.118574
Florida,Pompano Beach,3,26.241097892857145,-80.22387175000003
Florida,Saint Petersburg,3,27.801401608108097,-82.69287544594599
Florida,Lakeland,3,28.072648833333336,-81.91822166666667
Florida,Maitland,3,28.602178666666664,-81.33534433333334
Texas,Midland,3,31.938586083333334,-102.06556316666668
Texas,Mckinney,3,32.591225333333334,-95.24253399999999
Texas,Lewisville,3,33.057450857142875,-97.016605
California,Fountain Valley,3,33.675442000000004,-117.8602855
California,Fullerton,3,33.79766566666667,-117.87357483333335
California,Studio City,3,33.962838000000005,-118.3457065
California,Agoura Hills,3,34.017647000000004,-118.59835666666667
Georgia,Suwanee,3,34.05015266666667,-84.07635066666666
California,Van Nuys,3,34.09903440000003,-118.41654581999987
California,Valencia,3,34.23069666666667,-118.49575566666665
California,North Hollywood,3,34.27230146666667,-118.54405820000001
North Carolina,Winston Salem,3,36.08703924038453,-80.24199125000003
California,Fresno,3,36.752372633663335,-119.71948912871268
Virginia,Norfolk,3,36.86045449473683,-76.27736449473684
California,Danville,3,37.848204833333334,-121.29165533333332
California,Sonoma,3,38.290011500000006,-122.482428
California,Stanford,3,38.68679266666666,-122.42117866666666
Pennsylvania,Doylestown,3,40.212813749999995,-75.5113115
Pennsylvania,New Hope,3,40.354493500000004,-75.0009145
New Jersey,New Brunswick,3,40.483047908163165,-74.4490678979591
Pennsylvania,Newtown,3,40.501841000000006,-76.82240285714286
New Jersey,Edison,3,40.51654728571429,-74.38772657142856
Pennsylvania,Allentown,3,40.60743660606069,-75.49334118181808
Utah,Park City,3,40.66898200000001,-111.51432374999999
New Jersey,Roseland,3,40.819188499999996,-74.31784350000001
New Jersey,Fort Lee,3,40.856505999999996,-73.96805699999999
Indiana,Fort Wayne,3,41.11194115238093,-85.11763773333331
Connecticut,Fairfield,3,41.184809800000004,-73.25557819999999
Connecticut,Cheshire,3,41.47587766666666,-72.91778633333332
Illinois,Lincolnshire,3,41.652259571428566,-88.05778171428571
Connecticut,Farmington,3,41.760521999999995,-72.76085375000001
Connecticut,Hartford,3,41.77299233333337,-72.69406217777781
Pennsylvania,Erie,3,42.133501475247435,-80.07916804950496
Massachusetts,Amherst,3,42.380508999999996,-72.50062066666666
Massachusetts,Sudbury,3,42.396345499999995,-71.410338
Massachusetts,Belmont,3,42.429595500000005,-71.331902
Massachusetts,North Andover,3,42.55258166666667,-71.18584233333333
Michigan,Lansing,3,42.69048203125001,-84.53295146875
Oregon,Eugene,3,44.04059876923077,-123.09501976923073
Oregon,Lake Oswego,3,45.40860166666667,-122.69930466666666
Minnesota,Saint Cloud,3,45.414484538461544,-94.42297553846153
Oregon,Hillsboro,3,45.489456999999994,-122.96921400000001
North Dakota,Fargo,3,46.89952126666667,-97.0653882666667
Washington,Tacoma,3,47.213137774509754,-122.40011692156851
Washington,Sammamish,3,47.62506666666667,-122.02286533333334
Washington,Bellingham,3,48.775063599999996,-122.26814359999999
Florida,Key Biscayne,2,25.693713,-80.162825
Florida,Miami Lakes,2,25.908706,-80.308662
Florida,Dania,2,26.062416,-80.159667
Florida,Sunrise,2,26.151416,-80.226211
Florida,Deerfield Beach,2,26.26631425,-80.197907
Florida,Sanibel,2,26.458308,-82.100065
Florida,Palm Beach Gardens,2,26.600995,-80.038113
Florida,Oldsmar,2,28.050324,-82.677379
Florida,Tarpon Springs,2,28.1477155,-82.7194245
Texas,Friendswood,2,29.4227875,-94.9961855
Louisiana,Georgia,2,29.840205,-90.988431
Louisiana,Maryland,2,30.4932935,-91.96485849999999
Texas,Seminole,2,32.671912,-102.805355
Arizona,Arizona City,2,32.7505295,-111.6371435
Texas,Southlake,2,32.954198,-97.150475
California,Bonsall,2,33.27616,-117.1941
California,Tustin,2,33.672309,-117.77240520000001
California,Toluca Lake,2,33.786594,-118.298662
California,Hermosa Beach,2,33.86224,-118.39952
California,Altadena,2,33.9909345,-118.21794449999999
Georgia,Kennesaw,2,34.014486,-84.62590900000001
California,Chatsworth,2,34.02704175,-118.45955999999998
California,Camarillo,2,34.154889,-119.06284133333334
California,Gardena,2,35.02527825,-119.440796
New Mexico,Santa Fe,2,35.62408075,-105.99297741666668
North Carolina,Apex,2,35.7031252,-78.8625544
North Carolina,Carrboro,2,35.905477,-79.090077
California,Belvedere Tiburon,2,35.95667275,-120.316271
Oklahoma,Stillwater,2,36.1102195,-97.02207250000002
Colorado,Durango,2,37.30954525,-107.888648
California,Los Altos Hills,2,37.31969575,-122.020386
California,Atherton,2,37.450627,-122.199439
California,Union City,2,37.599463,-122.018884
Virginia,Sandston,2,37.64874425,-77.14910800000001
California,Corte Madera,2,37.9965375,-122.62651149999999
Kentucky,Crestwood,2,38.35977,-85.3963825
Virginia,Harrisonburg,2,38.4521925,-78.87716475
California,Healdsburg,2,38.6167175,-122.854299
Missouri,Chesterfield,2,38.64534225,-90.54187825
Indiana,Austin,2,38.748455,-85.750469
California,Rocklin,2,38.810514,-121.2539065
Maryland,Bowie,2,38.902497,-76.80927557142857
Maryland,Greenbelt,2,38.91821675,-76.881259
Colorado,Monument,2,39.086393,-104.807666
Missouri,Missouri City,2,39.245755,-94.292406
Maryland,Towson,2,39.4215638,-77.0677112
Missouri,Louisiana,2,39.440073,-91.088401
New Jersey,Egg Harbor Township,2,39.51426,-74.61471633333333
New Jersey,Newtonville,2,39.564995,-74.854042
Ohio,West Chester,2,39.5915075,-83.67890075
New Jersey,Atlantic Highlands,2,39.70090075,-74.4256265
Pennsylvania,West Chester,2,39.9595048,-75.652016
Pennsylvania,Bala Cynwyd,2,40.006545,-75.2305915
Pennsylvania,Jenkintown,2,40.099682,-75.10664299999999
Pennsylvania,Plymouth Meeting,2,40.1105745,-75.275594
Pennsylvania,Feasterville Trevose,2,40.15955,-74.96921433333334
Pennsylvania,Horsham,2,40.184292,-75.138014
Pennsylvania,Carlisle,2,40.223228,-77.19502875
Ohio,Russia,2,40.232574,-84.450687
Pennsylvania,Yardley,2,40.245664,-74.845997
Ohio,Delaware,2,40.2678905,-83.066337
New York,Staten Island,2,40.606381,-74.114616
New Jersey,Warren,2,40.629101,-74.532449
New Jersey,Basking Ridge,2,40.682651,-74.573001
New Jersey,Summit,2,40.6892005,-74.330643
New Jersey,Secaucus,2,40.760805,-74.06576
Ohio,Wooster,2,40.8009335,-81.934289
New Jersey,Tenafly,2,40.900273,-74.22491500000001
New Jersey,Teaneck,2,40.9191855,-74.0473545
Connecticut,Darien,2,41.075846,-73.480765
Connecticut,Greenwich,2,41.130806,-73.54988816666666
Connecticut,Orange,2,41.279896,-73.031018
Connecticut,Hamden,2,41.38391325,-72.91582149999999
Illinois,Illinois City,2,41.39753,-90.89959
Indiana,Crown Point,2,41.452976,-87.366434
Ohio,Lakewood,2,41.48199,-81.79819
Iowa,West Des Moines,2,41.5677255,-93.76670475
Iowa,Johnston,2,41.714435,-93.732559
Illinois,Oak Brook,2,41.8189065,-87.945966
Illinois,Arlington Heights,2,41.85490725,-88.2230825
Connecticut,North Canton,2,41.8621095,-73.1852025
Illinois,Elmhurst,2,41.8901865,-87.9438265
Massachusetts,Raynham,2,41.9367,-71.048941
Rhode Island,Cumberland,2,41.967491,-71.43056533333333
Illinois,Rolling Meadows,2,42.074226,-88.026871
Illinois,Buffalo Grove,2,42.180411,-87.960771
Massachusetts,Norwood,2,42.182798,-71.196277
Massachusetts,Weymouth,2,42.212950875,-70.94432637499999
Massachusetts,Brookline,2,42.2673748,-71.1050592
Massachusetts,Hardwick,2,42.347856,-72.225251
Massachusetts,Brighton,2,42.3501,-71.15644
Massachusetts,Charlestown,2,42.382588,-71.065287
Massachusetts,Arlington Heights,2,42.4294146,-71.28358659999999
Michigan,Ferndale,2,42.460586,-83.140675
Massachusetts,Boxborough,2,42.485985,-71.520985
Massachusetts,Marblehead,2,42.492122,-70.85062633333332
Michigan,Wixom,2,42.520533,-83.549145
Michigan,Farmington Hills,2,42.52582625,-83.386471
Michigan,Birmingham,2,42.5558724,-83.2300998
Massachusetts,North Reading,2,42.5764825,-71.0966855
Massachusetts,Newbury,2,42.777524,-70.867246
New Hampshire,Salem,2,42.797032,-71.2229755
New Hampshire,Milford,2,42.82804,-71.643468
New Hampshire,Derry,2,42.847495,-71.88266333333333
Idaho,Eagle,2,43.6993395,-116.401996
Wisconsin,Neshkoro,2,43.9207595,-89.311523
Vermont,Waterbury Center,2,44.32031775,-72.73886325
Minnesota,Excelsior,2,44.9033,-93.56635
Minnesota,Rockville,2,45.47191,-94.34083
Minnesota,Waconia,2,45.4815685,-93.633609
Washington,Kent,2,47.3886120909091,-122.13011963636363
Washington,Bainbridge Island,2,47.647774,-122.538016
Washington,Liberty Lake,2,47.651635,-117.085845
Florida,Hollywood,2,25.968625357142866,-80.24238021428572
Florida,Melbourne Beach,2,28.116668269230765,-80.6258988846154
Florida,Ocala,2,29.163084266666665,-82.14816479999999
Texas,Texas City,2,29.368857000000002,-94.91776259999999
Texas,Sugar Land,2,29.58411614285714,-95.67044785714288
Texas,League City,2,29.801507555555556,-97.07331233333332
Louisiana,Metairie,2,29.927055333333342,-90.1437516666667
Texas,San Marcos,2,29.97648266666667,-97.97182233333335
Texas,Katy,2,30.282461416666667,-95.95062966666666
Texas,Bryan,2,30.67633633333334,-96.36448677777777
Georgia,Savannah,2,32.067032405660356,-81.1007407924527
California,Poway,2,33.005512499999995,-116.93817250000001
Arizona,Glendale,2,33.50329752941177,-112.1963893529412
California,Huntington Beach,2,33.80305967857144,-118.0362803571428
Georgia,Decatur,2,33.82575590909091,-84.27690245454546
South Carolina,Columbia,2,34.01772905263158,-80.99439105263154
California,Ventura,2,34.203347300000004,-119.18863969999998
Georgia,Cumming,2,34.210522000000005,-84.15052740000002
Oklahoma,Edmond,2,35.66905466666666,-97.50239049999999
Arkansas,Bentonville,2,36.33982266666666,-94.12967900000001
Virginia,Virginia Beach,2,36.81131166666666,-76.07469736666667
Missouri,Joplin,2,37.12115633333333,-94.45478633333335
Virginia,Petersburg,2,37.21651242857143,-77.41597785714285
Missouri,Springfield,2,37.32459620833333,-93.11952241666667
California,Orinda,2,37.869648999999995,-122.173856
California,Concord,2,37.91067544444445,-121.98757733333332
California,Larkspur,2,37.97847266666667,-122.60256700000001
California,Sebastopol,2,38.36516233333333,-122.717756
California,Rancho Cordova,2,38.513001200000005,-121.32366640000001
Indiana,Jeffersonville,2,38.520414599999995,-85.80688210000001
California,Auburn,2,39.05803533333333,-120.74072000000001
Nevada,Carson City,2,39.163544909090895,-119.77622600000004
Indiana,Poland,2,39.411193499999996,-86.91700449999999
Colorado,Littleton,2,39.59799984615386,-104.95372756410259
Colorado,Golden,2,39.85795342857143,-105.14769685714285
Illinois,Springfield,2,39.947263129629604,-89.54207381481483
Colorado,Greeley,2,39.947857000000006,-104.44317177777778
Illinois,Rosamond,2,39.998877666666665,-89.06003166666666
New Jersey,Westfield,2,40.06592366666667,-74.87659866666667
Indiana,Anderson,2,40.19645211111112,-85.67311588888889
Pennsylvania,Langhorne,2,40.19733042857143,-74.94367028571428
Ohio,Powell,2,40.200067000000004,-83.0882115
New Jersey,Red Bank,2,40.20148833333334,-74.442543
Pennsylvania,Harrisburg,2,40.27649815686283,-76.87679328431359
Indiana,Zionsville,2,40.289851999999996,-85.943146
New Jersey,Moorestown,2,40.365838999999994,-74.659083875
Pennsylvania,Warrendale,2,40.514608333333335,-80.05199933333334
Pennsylvania,Monroeville,2,40.55214566666667,-79.69620833333333
New Jersey,Highland Park,2,40.62683439999999,-74.485955
New Jersey,Montclair,2,40.82341066666667,-74.21196733333333
New Jersey,Morris Plains,2,40.833898000000005,-74.481652
New Jersey,Mahwah,2,41.057410250000004,-74.14236400000001
Ohio,Youngstown,2,41.09385691666663,-80.65855404629616
Connecticut,Bridgeport,2,41.17463908421058,-73.21048152631599
Wyoming,Cheyenne,2,41.231397199999996,-104.73869669999999
Connecticut,Danbury,2,41.349467142857144,-73.40351714285713
Pennsylvania,Scranton,2,41.40780199999999,-75.65473226315788
Illinois,Chicago Heights,2,41.660351500000004,-87.638817
Ohio,Toledo,2,41.66731505000006,-83.55090366000012
Indiana,South Bend,2,41.678352807692235,-86.25311242307683
Rhode Island,Warwick,2,41.71667585714285,-71.43939542857143
Illinois,Downers Grove,2,41.774294499999996,-88.017032
Connecticut,East Hartford,2,41.81619166666666,-72.69547566666667
Illinois,Oak Park,2,41.866868499999995,-87.76636225000001
Illinois,Northbrook,2,42.04663566666667,-87.88892333333335
Massachusetts,North Billerica,2,42.30490966666667,-71.90720233333333
Michigan,Southfield,2,42.50176418750001,-83.22965343749998
Michigan,Royal Oak,2,42.558058666666675,-83.23171733333334
Massachusetts,Danvers,2,42.562808000000004,-70.9347865
Vermont,White River Junction,2,43.62708066666667,-72.44123066666667
Minnesota,Rochester,2,44.02480728571429,-92.46311714285714
Wisconsin,Mequon,2,44.02492899999999,-89.20002266666665
Maine,Orono,2,44.88575066666667,-68.691129
Minnesota,Stillwater,2,45.03792933333333,-92.87469
Minnesota,Burnsville,2,45.089468600000004,-94.2140212
Oregon,Wilsonville,2,45.291389499999994,-122.820863
Washington,Kennewick,2,46.174868000000004,-119.17151650000001
Washington,Puyallup,2,47.175224625000006,-122.302030125
Washington,Renton,2,47.483864999999994,-122.17387662499999
North Dakota,Grand Forks,2,47.927148666666675,-97.27220544444445
Minnesota,Brooklyn Park,1,45.1107558,-93.3581267
Minnesota,Eagan,1,44.8186994,-93.201483
New Jersey,Long Island City,1,40.7454838,-73.9536799
Tennessee,Utah,1,35.5889903,-88.0636017
Virginia,Herdon,1,38.9701702,-77.3904977
Wisconsin,Fitchburg,1,42.9880423,-89.4610259
Florida,Doral,1,25.8187165,-80.389192
California,Century City,1,34.0571679,-118.4239555
California,Commerce,1,33.9951132,-118.174872
Florida,Davie,1,26.067529,-80.275056
Florida,Pembroke Pines,1,26.09423,-80.2675892
Florida,Lauderhill,1,26.140364,-80.213381
Florida,Wilton Manors,1,26.160363,-80.138934
Florida,North Palm Beach,1,26.8601,-80.0527175
Florida,Brandon,1,27.86883075,-82.39555349999999
Florida,Kenansville,1,27.933215,-81.092447
Florida,Palm Harbor,1,28.04011675,-82.72194775
Florida,Land O Lakes,1,28.24745875,-82.475767
Florida,Cape Canaveral,1,28.394642,-80.614323
Florida,Windermere,1,28.481031,-81.543979
Texas,Pearland,1,29.4362564,-95.3361702
Florida,Coral Springs,1,29.503564,-98.647106
Texas,Webster,1,29.53773,-95.11826
Texas,Tivoli,1,29.6239575,-97.092208
Texas,South Houston,1,29.634629,-95.015468
Florida,Newberry,1,29.6888845,-82.569035
Texas,Canyon Lake,1,29.87622,-98.26167
Texas,Nederland,1,29.9849355,-94.003232
Texas,Kingwood,1,30.033553,-95.261044
Florida,Ponte Vedra Beach,1,30.1197896,-81.39308580000001
Texas,The Woodlands,1,30.136972,-95.46836
Texas,Chappell Hill,1,30.156759,-96.278602
Florida,Atlantic Beach,1,30.33441,-81.3987
Florida,Miramar Beach,1,30.3889255,-86.40787599999999
Louisiana,Madisonville,1,30.4056105,-90.14966050000001
Texas,College Station,1,30.6195445,-96.32831499999999
Texas,Temple,1,31.408751625,-97.061579625
Texas,West Lake Hills,1,31.6109965,-97.51355000000001
South Carolina,Hilton Head Island,1,32.2275722,-80.7439664
Mississippi,Ridgeland,1,32.539256,-90.1139965
Georgia,Fort Valley,1,32.560698,-83.854528
Texas,Mansfield,1,32.5669575,-97.143257
California,Boulevard,1,32.66367,-116.27363
Mississippi,Flowood,1,32.667755,-90.601506
Texas,Coppell,1,32.8672235,-96.892147
California,El Cajon,1,32.8711785,-116.89258083333334
California,Del Mar,1,32.95949,-117.26531
Texas,Newark,1,33.006977,-97.492336
California,Cardiff By The Sea,1,33.023042,-117.274469
Texas,Farmers Branch,1,33.0724885,-96.637562
Texas,The Colony,1,33.077136,-96.901605
Texas,Anna,1,33.323709,-96.524804
South Carolina,Sweden,1,33.379043,-81.135101
South Carolina,Norway,1,33.45182,-81.12538
California,Dana Point,1,33.485903,-117.696366
Georgia,Stockbridge,1,33.5471125,-84.209361
California,Laguna Niguel,1,33.571789,-117.75427133333334
South Carolina,Myrtle Beach,1,33.695896,-78.940807625
Georgia,Douglasville,1,33.7167744,-84.75970679999999
Alabama,America,1,33.737886,-87.252502
California,Rancho Mirage,1,33.73974,-116.41279
Georgia,Smyrna,1,33.8583515,-84.5595145
Arkansas,Gurdon,1,33.889086,-93.132026
Georgia,Chamblee,1,33.892047,-84.298813
Georgia,Dunwoody,1,33.946213,-84.334647
South Carolina,Scranton,1,33.9595515,-79.7213705
California,Hacienda Heights,1,33.976114,-117.981631
North Carolina,Kure Beach,1,33.986817,-77.920117
California,San Gabriel,1,34.02206325,-118.14725425
California,Diamond Bar,1,34.02862,-117.81034
California,West Los Angeles,1,34.046399,-118.448135
California,Temple City,1,34.10723,-118.05785
California,Glendora,1,34.1379465,-117.848332
California,Oxnard,1,34.1411319,-119.17503219999999
California,La Canada Flintridge,1,34.14647,-117.756784
California,Redlands,1,34.19299,-116.92341819999999
South Carolina,Mt Pleasant,1,34.312508,-81.64497933333332
Arkansas,England,1,34.5431495,-91.87652650000001
Alabama,Valhermoso Springs,1,34.549094,-86.693983
California,Loma Linda,1,34.577035,-116.39422166666668
Georgia,Cleveland,1,34.610466,-83.74615
North Carolina,Lumberton,1,34.623984,-79.01237875
South Carolina,Pendleton,1,34.6423285,-82.7270815
Oklahoma,Snyder,1,34.73647,-97.8839805
South Carolina,Mauldin,1,34.77873,-82.31012
Arkansas,North Little Rock,1,34.787805,-92.28456614285713
Alabama,Florence,1,34.8683655,-87.68552366666667
California,Boulder Creek,1,34.954158,-119.30781300000001
California,Santa Maria,1,35.004409625,-120.33762112499998
South Carolina,Fort Mill,1,35.0397856,-80.95052519999999
North Carolina,Murphy,1,35.061177,-84.052954
Arkansas,Conway,1,35.0794856,-92.39948799999999
North Carolina,Hillsborough,1,35.173644,-78.855682
Tennessee,Arlington,1,35.292102,-89.752615
Tennessee,Germantown,1,35.3418008,-89.2314034
Tennessee,Tullahoma,1,35.361466,-86.2233215
California,Paso Robles,1,35.680788,-120.75577733333334
North Carolina,Garner,1,35.71126,-78.61417
North Carolina,Lexington,1,35.8355744,-80.25608300000002
Arkansas,Egypt,1,35.863996,-90.94278
North Carolina,Tarboro,1,35.925547,-77.5001055
North Carolina,Wake Forest,1,35.977761,-78.501251
Oklahoma,Kansas,1,36.20509,-94.79773
Missouri,Netherlands,1,36.299233,-89.751194
Arkansas,Rogers,1,36.356792,-94.07634
Missouri,Clarkton,1,36.45173,-89.96704
Missouri,Isabella,1,36.5809,-92.61267
Missouri,Reeds Spring,1,36.6938335,-93.3570195
Missouri,Fremont,1,36.95227,-91.1643
Arizona,Colorado City,1,36.974658,-112.978914
Virginia,Hampton,1,37.0645581875,-76.48701106249999
New Jersey,Monroe Township,1,37.285693,-98.021311
Virginia,Williamsburg,1,37.29462675,-76.72502725000001
Virginia,Bedford,1,37.336027,-79.522585
California,Alviso,1,37.42605,-121.97524
Virginia,Salem,1,37.4546105,-79.293807
Virginia,Midlothian,1,37.4982045,-77.66931550000001
California,Moss Beach,1,37.52904,-122.51127
California,Modesto,1,37.6443259,-120.97523670000001
California,Martinez,1,37.6806815,-122.271503
Kentucky,Elizabethtown,1,37.7041405,-85.9276225
Missouri,Greenfield,1,38.0160186,-92.6354886
California,Clements,1,38.211127,-121.044252
Illinois,Mount Vernon,1,38.275826,-88.894919
California,Rohnert Park,1,38.4043755,-122.8441865
Missouri,Union,1,38.4183845,-90.9531975
Colorado,Montrose,1,38.47483925,-107.82682375
Illinois,Swansea,1,38.512111,-89.905289
California,Saint Helena,1,38.5278605,-122.441468
California,Mather,1,38.554406,-121.28181
California,Albany,1,38.5565175,-123.033455
Missouri,Ballwin,1,38.61309775,-90.48741125000001
California,El Dorado Hills,1,38.6815595,-120.945413
Missouri,Maryland Heights,1,38.723951,-90.447418
Ohio,Portsmouth,1,38.78765,-82.9244625
Nevada,Gardnerville,1,38.86214775,-119.6499865
Virginia,West Mclean,1,38.8865175,-77.241451
Virginia,Oakton,1,38.892796,-77.329906
California,South Lake Tahoe,1,38.8978269,-120.0124806
Maryland,Southern Md Facility,1,38.946658,-76.674494
Missouri,Moscow Mills,1,38.948248,-90.913818
Maryland,Takoma Park,1,38.981374,-77.0051095
Maryland,Maryland Line,1,39.023016,-76.89523575
Virginia,Purcellville,1,39.157683,-77.71857349999999
Ohio,Franklin Furnace,1,39.249334,-83.800705
Maryland,Dundalk,1,39.269326,-76.486827
Maryland,Catonsville,1,39.27595475,-76.7380815
Maryland,Marriottsville,1,39.3356605,-76.913588
Ohio,Athens,1,39.339279,-82.013803
Colorado,Castle Rock,1,39.36959025,-104.85867875
Maryland,Pikesville,1,39.378742,-76.7418385
Maryland,Reisterstown,1,39.473582,-76.8044115
Maryland,Belcamp,1,39.47366,-76.238835
Maryland,Hunt Valley,1,39.480493,-76.655257
Colorado,Conifer,1,39.5063485,-105.2895815
Maryland,Fallston,1,39.529823,-76.445888
Delaware,Delaware City,1,39.57789,-75.58882
Indiana,Greenwood,1,39.61316,-86.15565233333332
West Virginia,Morgantown,1,39.630586,-79.9585453
Colorado,Wheat Ridge,1,39.6495,-105.1660635
Missouri,Martinsburg,1,39.6963875,-93.29285675
New Jersey,Berlin,1,39.7699785,-74.94094899999999
Delaware,Claymont,1,39.8068125,-75.4629185
Ohio,Jerusalem,1,39.82588,-81.123561
New Jersey,Cedar Grove,1,39.83587575,-74.87114625
Pennsylvania,Chadds Ford,1,39.865567,-75.557698
Utah,Murray,1,39.8802835,-111.54298800000001
Pennsylvania,Scotland,1,39.970229,-77.590358
New Jersey,Mount Laurel,1,39.97579,-74.8951265
Pennsylvania,Newtown Square,1,39.9851205,-75.407902
New Jersey,Hainesport,1,39.987212,-74.829308
Ohio,North Hampton,1,39.989309,-83.938933
Pennsylvania,Wynnewood,1,39.9945565,-75.273101
New Jersey,Cinnaminson,1,39.996779,-74.99267
Ohio,Westlake,1,40.0133052,-83.5886138
Pennsylvania,Narberth,1,40.020911,-75.259975
Pennsylvania,Villanova,1,40.0290095,-75.3678795
Pennsylvania,Elkins Park,1,40.0760325,-75.12917949999999
Ohio,Westerville,1,40.08117475,-82.9202385
New Jersey,Lakewood,1,40.0856455,-74.20607150000001
West Virginia,Triadelphia,1,40.1025125,-80.61175850000001
Pennsylvania,Ellsworth,1,40.106087,-80.022093
Pennsylvania,Ambler,1,40.180876,-75.215621
Pennsylvania,Hatboro,1,40.182406,-75.106265
Ohio,Lewis Center,1,40.187886,-82.987804
Pennsylvania,Audubon,1,40.211896,-75.35586
Pennsylvania,Lansdale,1,40.228535,-75.297369
Pennsylvania,Bryn Mawr,1,40.2297075,-77.59699850000001
Nebraska,Virginia,1,40.24583,-96.49696
Pennsylvania,Jamison,1,40.254157,-75.08854
New Jersey,Manalapan,1,40.282353,-74.346565
Pennsylvania,Bridgeport,1,40.2940498,-77.6045996
New Jersey,Lawrenceville,1,40.29733,-74.729605
Pennsylvania,Bethel Park,1,40.32757,-80.0395
New Jersey,Morganville,1,40.33953,-74.29394
New Jersey,Plainsboro,1,40.342197,-74.582062
New Jersey,Lincroft,1,40.346629,-74.125401
Ohio,West Mansfield,1,40.35745625,-83.92549400000001
Pennsylvania,Bridgeville,1,40.3647915,-80.10186300000001
New Jersey,Morristown,1,40.365839,-74.65908387500001
Pennsylvania,Pipersville,1,40.4173445,-75.120214
New Jersey,Kendall Park,1,40.422955,-74.549761
New Jersey,Parlin,1,40.4577115,-74.3086905
Utah,Alpine,1,40.459133,-111.773164
Pennsylvania,Quakertown,1,40.462186,-75.30726200000001
Ohio,Toronto,1,40.469391,-80.64395400000001
Ohio,Amsterdam,1,40.472134,-80.973297
Utah,Heber City,1,40.497844,-111.3530025
Ohio,New Albany,1,40.513697,-81.8251315
Ohio,Clyde,1,40.5245832,-82.9503094
Pennsylvania,Breinigsville,1,40.53676,-75.6313
New Jersey,Metuchen,1,40.547882,-74.34334050000001
Ohio,New Hampshire,1,40.55616,-83.95272
Pennsylvania,Ambridge,1,40.600494,-80.210521
New Jersey,Whitehouse Station,1,40.61538,-74.770441
New Jersey,North Bergen,1,40.6185124,-74.3389938
New Jersey,North Brunswick,1,40.6185124,-74.3389938
New Jersey,Linden,1,40.6210285,-74.2298475
New Jersey,Franklin Park,1,40.6509682,-74.5913594
New Jersey,Bayonne,1,40.670858,-74.109486
Utah,South Salt Lake,1,40.718835,-111.888269
New York,Hempstead,1,40.724066,-73.60846333333332
New York,Patchogue,1,40.724819,-73.00997050000001
New Jersey,Millburn,1,40.72482,-74.30404
Illinois,East Peoria,1,40.737538,-89.5503745
Pennsylvania,Sarver,1,40.739936,-79.716751
Pennsylvania,Aston,1,40.740003,-76.69546650000001
Pennsylvania,Gwynedd,1,40.74065525,-77.81106825
New Jersey,Chatham,1,40.74093,-74.38376
New Jersey,Bernardsville,1,40.7497295,-74.8815865
Illinois,Peoria Heights,1,40.759136,-89.604123
New Jersey,Weehawken,1,40.767601,-74.0265585
New Jersey,Florham Park,1,40.7735,-74.397996
New York,Port Washington,1,40.78666575,-73.637399125
New Jersey,Mendham,1,40.786699,-74.5938
New Jersey,Lyndhurst,1,40.803019,-74.11374649999999
New Jersey,Bloomfield,1,40.808549,-74.187005
New Jersey,Whippany,1,40.84202625,-74.50179425
New Jersey,Palisades Park,1,40.84816,-73.99764
New Jersey,Flanders,1,40.850884,-74.701558
New Jersey,Little Falls,1,40.879046,-74.211017
New Jersey,Englewood Cliffs,1,40.8867235,-73.9621025
Pennsylvania,Kelayres,1,40.900231,-76.005382
New Jersey,Mount Arlington,1,40.92593,-74.63488
Ohio,Solon,1,40.93545825,-83.02463775
New Jersey,Glen Rock,1,40.960347,-74.125036
New Jersey,Haworth,1,40.963867,-73.99358
Utah,Farmington,1,40.969069,-111.907344
New York,Scarsdale,1,40.984294,-73.79519133333334
Ohio,Canfield,1,40.99059,-80.79636450000001
New Jersey,Wyckoff,1,40.998387,-74.165733
New Jersey,Oakland,1,41.026691,-74.2412325
Connecticut,Old Greenwich,1,41.034946,-73.566968
New York,Purchase,1,41.04093,-73.71457
New Jersey,Allendale,1,41.04149,-74.12903
New Jersey,Upper Saddle River,1,41.05843,-74.098476
Illinois,Gurnee,1,41.05867775,-88.842715
Ohio,North Olmsted,1,41.10425,-81.09445133333334
New Jersey,West Milford,1,41.1053,-74.39094
New York,Armonk,1,41.13201,-73.71372
Connecticut,New Canaan,1,41.1546525,-73.4983165
New York,Pomona,1,41.185322,-74.0495555
Connecticut,Milford,1,41.2312885,-73.04549875000001
Ohio,Brunswick,1,41.23811,-81.8418
New York,Huntington,1,41.257784625,-73.601694875
Connecticut,Redding,1,41.271095,-73.38634
Connecticut,Madison,1,41.282458,-72.6184285
Nebraska,Elkhorn,1,41.288631,-96.238818
Ohio,Garrettsville,1,41.291405,-81.081534
California,Mount Shasta,1,41.31583,-122.31611
Connecticut,Ridgefield,1,41.325908,-73.460863
Connecticut,Ansonia,1,41.342514,-73.070301
Connecticut,Centerbrook,1,41.349098,-72.41338
Connecticut,Woodbridge,1,41.353296,-73.013981
Connecticut,Groton,1,41.379615,-72.05215933333334
Connecticut,Bethel,1,41.381244,-73.39908
Connecticut,Sandy Hook,1,41.408422,-73.2546155
Connecticut,Wallingford,1,41.41624,-72.85479360000001
Ohio,Chagrin Falls,1,41.4322735,-81.38539899999999
Connecticut,Oxford,1,41.432583,-73.138379
New York,Tarrytown,1,41.43801875,-74.427236
Indiana,Kendallville,1,41.44144,-85.26498
Connecticut,Southbury,1,41.4567585,-73.24964399999999
Pennsylvania,Jessup,1,41.46869,-75.56213
Ohio,Rocky River,1,41.469497,-81.849209
Connecticut,Brookfield,1,41.474398,-73.398595
Ohio,Perrysburg,1,41.481786,-83.599567
Rhode Island,Kingston,1,41.482901,-71.524317
Rhode Island,Newport,1,41.491321,-71.33264066666668
Illinois,Lisle,1,41.49290875,-88.84111549999999
Ohio,Avon Lake,1,41.49674,-82.017527
Rhode Island,Middletown,1,41.4989865,-71.297738
Illinois,Sugar Grove,1,41.5059105,-89.59173050000001
Ohio,Gates Mills,1,41.513251,-81.414597
Illinois,Tinley Park,1,41.576941,-87.80561666666667
Connecticut,Southington,1,41.5814695,-72.86268949999999
Illinois,South Holland,1,41.60087,-87.60699
Indiana,Chesterton,1,41.6162765,-87.031553
Massachusetts,Osterville,1,41.62844,-70.38697
Rhode Island,East Greenwich,1,41.64335,-71.478002
Connecticut,South Glastonbury,1,41.657099,-72.572233
Connecticut,Rocky Hill,1,41.657249,-72.670887
Illinois,Chicago Ridge,1,41.70142,-87.77922
Utah,Tremonton,1,41.70282,-112.2571485
Iowa,Dallas Center,1,41.713107,-93.930807
Ohio,Willoughby,1,41.719799,-81.33524466666667
Massachusetts,East Sandwich,1,41.72832,-70.439975
Illinois,Woodridge,1,41.736788,-88.041731
Rhode Island,Cranston,1,41.77546075,-71.46293375
Illinois,Westmont,1,41.799876,-87.970713
Illinois,Willowbrook,1,41.800683,-87.928173
Illinois,Warrenville,1,41.8137945,-88.176162
Rhode Island,East Providence,1,41.8138625,-71.3647585
Illinois,Riverside,1,41.8389195,-87.82297700000001
Illinois,Glen Ellyn,1,41.852446,-88.0750975
Illinois,Forest Park,1,41.87948,-87.81367
Illinois,Geneva,1,41.88753,-88.30535
Connecticut,Enfield,1,41.888211,-72.6382815
Massachusetts,Plymouth,1,41.9093845,-70.64918475
Iowa,Ely,1,41.910425,-91.575268
Iowa,Ames,1,42.0310604,-93.6440874
Illinois,Morton Grove,1,42.039329,-87.793815
Illinois,Hoffman Estates,1,42.061073,-88.15172749999999
Massachusetts,Pembroke,1,42.0724855,-70.781381
Illinois,Wilmette,1,42.079228,-87.72836
Massachusetts,Oxford,1,42.1141035,-71.8774805
Massachusetts,Whitinsville,1,42.1148495,-71.67589749999999
New York,Corning,1,42.12870825,-77.16312725
Massachusetts,Wilbraham,1,42.13408,-72.4345
Massachusetts,Milford,1,42.147087,-71.528085
Massachusetts,Holliston,1,42.1834315,-71.452281
Massachusetts,Franklin,1,42.211106,-71.28340066666668
Massachusetts,Cohasset,1,42.2218805,-70.817379
Illinois,Vernon Hills,1,42.231183,-87.962973
Massachusetts,Dover,1,42.236114,-71.283072
Illinois,Lake Forest,1,42.240027,-87.877569
Illinois,Mundelein,1,42.2484955,-88.01870149999999
Michigan,Allen Park,1,42.25754,-83.21104
Illinois,Libertyville,1,42.306142,-87.78388849999999
Massachusetts,Jamaica Plain,1,42.309661,-71.121097
Massachusetts,Northampton,1,42.332855,-72.63392400000001
Massachusetts,Wayland,1,42.3417645,-71.36283800000001
Massachusetts,Auburndale,1,42.3453015,-71.245837
Massachusetts,Chelsea,1,42.39176,-71.03283
Massachusetts,Everett,1,42.407396,-71.051183
Massachusetts,Pittsfield,1,42.421965,-73.2534385
Massachusetts,Bolton,1,42.436043,-71.605916
Michigan,Novi,1,42.4756705,-83.48524275
Massachusetts,Stoneham,1,42.4842895,-71.09437750000001
Iowa,Cedar Falls,1,42.509133,-92.39544866666667
Massachusetts,Reading,1,42.537065,-71.107172
Massachusetts,Devens,1,42.54364,-71.61479
Massachusetts,Ayer,1,42.5638875,-71.58246249999999
Massachusetts,Manchester,1,42.579503,-70.755062
Michigan,Lake Orion,1,42.580927,-83.505707
Michigan,Commerce Township,1,42.583382,-83.500878
Michigan,Bloomfield Hills,1,42.5837696,-83.2931492
Massachusetts,Peabody,1,42.5862195,-70.92638450000001
Massachusetts,Wenham,1,42.597691,-70.8732
Wisconsin,Beloit,1,42.615909,-89.07941199999999
Idaho,American Falls,1,42.635233,-112.945777
Massachusetts,Gloucester,1,42.641294,-70.75019
Iowa,Cloud,1,42.666494,-93.627104
New York,Latham,1,42.68389,-73.87526299999999
Massachusetts,North Adams,1,42.702584,-73.1374635
New Hampshire,Hudson,1,42.76386,-71.43139
Wisconsin,Whitewater,1,42.7749115,-88.61730349999999
Massachusetts,Newburyport,1,42.8076485,-70.86551299999999
New Hampshire,Plaistow,1,42.83648,-71.09478
Michigan,Oxford,1,42.840649,-83.2458685
Wyoming,Pinedale,1,42.849757,-109.938968
New Hampshire,Bedford,1,42.93743,-71.535515
Michigan,Clare,1,42.9661445,-85.467657
Wisconsin,Delafield,1,43.015666,-88.386519
New Hampshire,Greenland,1,43.0438385,-70.85019299999999
New Hampshire,Newington,1,43.100087,-70.833667
Wyoming,Riverton,1,43.1199595,-108.41260349999999
Wisconsin,Sun Prairie,1,43.1644775,-89.2753385
South Dakota,Martin,1,43.173796,-101.7180735
New York,Rochester,1,43.1857869619048,-77.63272789523813
New Hampshire,Dover,1,43.281378,-70.981505
Wisconsin,Grafton,1,43.299956,-87.94104
Wisconsin,Belgium,1,43.499631,-87.918042
Michigan,Midland,1,43.5036891,-84.4040207
Wisconsin,Viroqua,1,43.529506,-90.90977766666667
Idaho,Hailey,1,43.54195,-114.31008
Michigan,Mount Pleasant,1,43.588032,-84.780846
Vermont,Woodstock,1,43.624181,-72.52743699999999
Idaho,Ketchum,1,43.669159,-114.485781
Maine,Falmouth,1,43.753985,-70.300651
Maine,Yarmouth,1,43.7785985,-70.15781949999999
Minnesota,Houston,1,43.781431,-91.571198
Minnesota,Bloomington,1,43.9055185,-93.07408799999999
Vermont,Middlebury,1,43.9907155,-73.17504600000001
Wyoming,Buffalo,1,44.122611,-106.561068
Wisconsin,Combined Locks,1,44.26582,-88.31427
Vermont,Colchester,1,44.492894,-73.143507
Vermont,Milton,1,44.6503945,-73.13308699999999
Vermont,Saint Albans,1,44.7836625,-73.075094
Minnesota,Chanhassen,1,44.853364,-93.572584
Minnesota,Mendota,1,44.886554,-93.161258
Minnesota,Saint Louis Park,1,44.90414,-93.373157
Wisconsin,Hudson,1,44.9779035,-92.725865
Maine,Cambridge,1,45.036055,-69.438697
Minnesota,Hamel,1,45.0844525,-93.5580965
Minnesota,Elk River,1,45.29802,-93.57246
Oregon,West Linn,1,45.357701,-122.64500899999999
Oregon,Tigard,1,45.405501,-122.795057
Michigan,Harbor Springs,1,45.433067,-85.007139
Michigan,Marquette,1,46.5122935,-87.3555585
Wisconsin,Superior,1,46.646628,-92.120968
Washington,Pullman,1,46.7575815,-117.30823975
Washington,Camas,1,47.093297,-122.512118
Minnesota,Eveleth,1,47.386893,-92.452058
Washington,Maple Valley,1,47.79463875,-122.0195105
Washington,Snohomish,1,47.91939675,-122.03583175
Washington,Port Townsend,1,48.033915,-122.8393705
Montana,Columbia Falls,1,48.37246,-114.18152
Washington,Burlington,1,48.4883045,-122.33551349999999
Washington,Anacortes,1,48.499172,-122.607111
Florida,Hialeah,1,26.329239666666666,-81.02196491666666
Florida,Bonita Springs,1,26.379749285714286,-81.83559100000001
Florida,Fort Myers,1,26.573380999999994,-81.85206965
Florida,Jupiter,1,26.885384199999997,-80.19866440000001
Florida,North Port,1,27.071683999999998,-82.1820346
Florida,Hobe Sound,1,27.081963666666667,-80.25205566666666
Florida,Sebring,1,27.459825000000006,-81.4325475
Florida,Bradenton,1,27.478495511627898,-82.54808934883717
Florida,Oakland Park,1,27.843728999999996,-81.14747233333333
Florida,Clearwater Beach,1,27.958868518518507,-82.78486477777776
Florida,Port Saint Lucie,1,28.058550083333333,-81.658047
Florida,Melbourne,1,28.11666826923076,-80.6258988846154
Florida,Satellite Beach,1,28.162511000000002,-80.589218
Florida,New Port Richey,1,28.248747260869564,-82.70269286956518
Texas,Mcallen,1,28.272598666666667,-98.77054533333336
Florida,Cocoa Beach,1,28.316205500000002,-80.6547915
Florida,Winter Garden,1,28.530963333333332,-81.49532066666667
Florida,Riverview,1,28.534467250000002,-82.914031375
Florida,Altamonte Springs,1,28.690151000000004,-81.32576716666667
Florida,Spring Hill,1,28.958520500000002,-82.6523355
Florida,Daytona Beach,1,29.09877238888889,-81.09479999999998
Texas,Seabrook,1,29.581341000000002,-95.0067315
Texas,Missouri City,1,29.58268766666667,-95.527956
Florida,Panama City,1,30.200998400000003,-85.70172875000002
Texas,Brenham,1,30.206391999999997,-96.37375433333334
Louisiana,Lafayette,1,30.212713750000002,-92.04528691666667
Texas,Spicewood,1,30.441446499999998,-98.10043300000001
Louisiana,Baton Rouge,1,30.46261517999999,-91.13343315999981
Florida,Pensacola,1,30.48279342253522,-87.25268898591548
Texas,Cedar Park,1,30.580382999999998,-97.71337600000001
Texas,Spring,1,30.981930705882352,-96.13911076470589
Georgia,Brunswick,1,31.223948166666663,-81.51172566666666
Texas,Taylor,1,31.766061066666662,-96.5316675333333
Texas,Tyler,1,31.766061066666666,-96.5316675333333
Texas,Kyle,1,32.11037828571428,-97.81122214285713
Texas,Sunnyvale,1,32.218030666666664,-96.219386
Georgia,Columbus,1,32.46618262626259,-84.97681843434343
Alabama,Opelika,1,32.626154199999995,-85.3730598
South Carolina,Johns Island,1,32.73134133333333,-79.98697033333333
Texas,Italy,1,32.963592750000004,-99.286883
Texas,Flower Mound,1,33.08897833333334,-97.098561
Texas,Allen,1,33.104116000000005,-96.6425475
Texas,Denton,1,33.13616128571428,-97.29469221428572
California,Oceanside,1,33.16130845454546,-117.19609572727272
Alabama,Tuscaloosa,1,33.21762277777781,-87.56292077777789
Georgia,Peachtree City,1,33.45995966666666,-84.35461400000001
Arizona,Peoria,1,33.53200183333333,-112.22484383333334
Texas,Lubbock,1,33.578574534653455,-101.86113447524737
Arizona,Surprise,1,33.593481142857144,-112.40020514285713
California,Palm Desert,1,33.709377599999996,-116.32454579999998
California,Anaheim,1,33.74281578947368,-117.83286657894737
California,Corona,1,33.798595999999996,-116.80231119999999
California,Signal Hill,1,33.804010999999996,-118.17499066666666
California,Inglewood,1,33.84228939999999,-118.3147145333333
California,Lake Elsinore,1,33.876185750000005,-117.2136555
Georgia,Lilburn,1,33.905348000000004,-84.08443133333333
Georgia,Lawrenceville,1,33.91094857142857,-84.06137428571427
California,Monterey Park,1,33.963493666666665,-118.18550699999999
California,Tarzana,1,33.970845499999996,-118.42310749999999
California,Riverside,1,33.97202503124994,-117.28131498437487
California,Malibu,1,33.982243749999995,-118.6222285
California,Canoga Park,1,34.044046800000004,-118.49270999999999
Georgia,Acworth,1,34.052597500000005,-84.6483775
Georgia,Woodstock,1,34.12504633333333,-84.50337333333333
California,Simi Valley,1,34.154671625000006,-118.930706875
California,Rancho Cucamonga,1,34.27526339999999,-117.2384994
California,Ojai,1,34.337433000000004,-119.23420066666667
California,Murrieta,1,34.549534400000006,-117.9629368
South Carolina,Seneca,1,34.663078999999996,-82.94120325
Arkansas,Palestine,1,34.924957500000005,-90.905118
California,Brea,1,35.15451316666667,-118.54368616666666
Oklahoma,Norman,1,35.22583471428572,-97.42489557142856
California,Lincoln,1,35.25800933333334,-118.79867899999999
Texas,Amarillo,1,35.264785833333384,-101.8538818444444
North Carolina,Davidson,1,35.377888999999996,-81.76156649999999
California,Lake Forest,1,35.49070233333333,-118.497124
Arkansas,Springdale,1,35.62925681818182,-93.52063536363636
New Mexico,Los Alamos,1,35.81511966666667,-105.91180366666667
North Carolina,Clayton,1,35.845913333333336,-77.80178666666667
North Carolina,Lenoir,1,35.93095733333333,-81.60902700000001
Tennessee,Oak Ridge,1,36.03792166666667,-84.20712966666666
California,Santa Clarita,1,36.03870546666666,-120.48342173333334
Tennessee,Bristol,1,36.524544500000005,-82.24998399999998
California,Salinas,1,36.65769183333332,-121.61438976190486
Virginia,Chesapeake,1,36.74859299999999,-76.28397321428572
Virginia,Newport News,1,37.10293993333333,-76.49852046666668
California,Morgan Hill,1,37.17251019999999,-121.65410299999999
Kentucky,London,1,37.19047827272727,-84.59546372727274
Virginia,Roanoke,1,37.28201702040817,-79.95099991836736
Virginia,Lynchburg,1,37.36811538461538,-79.17033415384616
California,Turlock,1,37.53617666666667,-120.88827566666667
California,Daly City,1,37.581689833333336,-122.42101883333333
Virginia,Manakin Sabot,1,37.659506500000006,-77.7055655
Kansas,Wichita,1,37.68860116513755,-97.34156459633044
Illinois,Carbondale,1,37.703678249999996,-89.2029995
California,Moraga,1,37.81903166666667,-122.05470833333334
Indiana,Evansville,1,37.99290135555556,-87.56915806666667
California,San Anselmo,1,38.031949999999995,-122.659401
Virginia,Keswick,1,38.042471500000005,-78.3209
Virginia,Stafford,1,38.08856716666667,-78.014226
California,Pleasant Hill,1,38.12446866666667,-121.68143283333335
California,Vallejo,1,38.14337914285714,-122.22191585714286
Kentucky,Shelbyville,1,38.23992766666667,-85.21602433333334
Indiana,New Albany,1,38.295920499999994,-85.867436
Maryland,Scotland,1,38.397026000000004,-76.61349133333333
West Virginia,Huntington,1,38.41385459405935,-82.38654524752475
Maryland,Cambridge,1,38.501354500000005,-76.03628950000001
Maryland,La Plata,1,38.501442999999995,-77.066131
Missouri,Fenton,1,38.584110499999994,-90.447244
Virginia,Woodbridge,1,38.674378142857144,-77.35904014285714
Virginia,Annandale,1,38.828469500000004,-77.20630975
Maryland,Lanham,1,38.907866999999996,-76.86517233333333
Kansas,Shawnee Mission,1,38.95356931111111,-94.73160906666669
Kansas,Lawrence,1,38.95564366666667,-95.25976466666668
Kansas,Wa Keeney,1,38.97571666666666,-99.889318
Maryland,Owings Mills,1,39.00810800000001,-76.67868779999999
Kansas,Topeka,1,39.04502733980586,-95.70303387378624
Colorado,Grand Junction,1,39.068359238095226,-108.547998
Maryland,Potomac,1,39.075846000000006,-77.20764833333334
Kentucky,Hebron,1,39.095857499999994,-84.7183905
Ohio,Loveland,1,39.256379333333335,-84.26721500000001
Maryland,Essex,1,39.308589999999995,-76.462429
Maryland,Glenwood,1,39.398444999999995,-76.6736325
Maryland,Mount Airy,1,39.400952000000004,-77.1890355
Utah,Springville,1,39.453509999999994,-111.72325033333334
Colorado,Breckenridge,1,39.46926633333334,-105.79768
Ohio,Milford,1,39.50571866666667,-84.00603433333333
Maryland,Monkton,1,39.584258000000005,-76.6097635
Delaware,New Castle,1,39.61361333333333,-75.601701
Colorado,Arvada,1,39.74187899999999,-105.14964899999998
Kansas,Sabetha,1,39.916636999999994,-95.823543
New Jersey,Cherry Hill,1,39.92353657142858,-75.01717414285714
New Jersey,Toms River,1,39.94503533333334,-74.19998550000001
Pennsylvania,Upper Darby,1,39.94900833333333,-75.27034633333334
Pennsylvania,York,1,39.956298133333334,-76.70173640000002
Pennsylvania,Havertown,1,39.970958499999995,-75.315162
Pennsylvania,Downingtown,1,40.026518499999995,-75.741556
Pennsylvania,Lancaster,1,40.04097453333334,-76.33270133333333
New Jersey,Brick,1,40.05673766666667,-74.10586266666667
Pennsylvania,Phoenixville,1,40.127500999999995,-75.53610850000001
Pennsylvania,Royersford,1,40.207601999999994,-75.53004250000001
New Jersey,West Caldwell,1,40.21381233333333,-74.83044333333333
New Jersey,Trenton,1,40.22076579611644,-74.72591007766982
Pennsylvania,Warrington,1,40.237179499999996,-75.140685
Pennsylvania,Warminster,1,40.25425633333333,-75.08279533333332
Pennsylvania,Oakmont,1,40.254376500000006,-77.5720875
New Jersey,Spring Lake,1,40.26296172727273,-74.60546363636364
Pennsylvania,Washington,1,40.272541249999996,-77.168864375
Pennsylvania,Drexel Hill,1,40.37322785714286,-76.50819942857143
Pennsylvania,Mechanicsburg,1,40.37855600000001,-76.62508911111111
Ohio,Macedonia,1,40.39053233333333,-83.57716966666668
Pennsylvania,Braddock,1,40.398956999999996,-79.8612975
Pennsylvania,Pennsburg,1,40.40185133333333,-77.022387
Pennsylvania,Morrisville,1,40.421538000000005,-77.835425125
Colorado,Steamboat Springs,1,40.513118750000004,-106.89971575
New Jersey,Somerset,1,40.524471000000005,-74.60536366666666
Pennsylvania,Sewickley,1,40.530878666666666,-80.11269133333333
New Jersey,Flemington,1,40.533614666666665,-74.86870499999999
Utah,West Jordan,1,40.60443966666667,-111.99520666666666
Ohio,Findlay,1,40.63303066666666,-83.83810999999999
Pennsylvania,Spring House,1,40.659306731707325,-77.15846521951217
Illinois,Peoria,1,40.712461999999995,-89.63372058333331
Ohio,Lima,1,40.735115111111114,-84.12574599999999
Pennsylvania,Devon,1,40.748984666666665,-76.05976566666665
Pennsylvania,Stroudsburg,1,40.86189033333333,-76.132399
New York,Garden City,1,40.907494400000004,-73.9139504
New York,Stony Brook,1,40.909637000000004,-73.126119
New Jersey,Rockaway,1,40.944965999999994,-74.493909
New Jersey,Montvale,1,40.95387233333333,-74.25775066666667
New Jersey,Paramus,1,40.95548766666667,-74.07242433333333
New Jersey,Ridgewood,1,40.971950666666665,-74.09127966666667
New York,Rye,1,41.016293999999995,-73.71103766666666
New Jersey,Ramsey,1,41.059129999999996,-74.13968600000001
Ohio,Medina,1,41.125813666666666,-81.85222866666666
Ohio,Elyria,1,41.143217199999995,-82.6213764
Ohio,Cuyahoga Falls,1,41.14773866666667,-81.51343766666666
Ohio,Mentor,1,41.154141800000005,-82.2121968
Utah,Ogden,1,41.22539000961535,-111.97392346153865
Pennsylvania,Wilkes Barre,1,41.248946243243225,-75.87767583783784
Connecticut,West Haven,1,41.285024500000006,-72.950219
Ohio,Independence,1,41.35888066666667,-82.53133533333333
Rhode Island,Wakefield,1,41.39561633333334,-71.59097166666668
Ohio,Sylvania,1,41.467570333333335,-83.23760433333332
Indiana,Valparaiso,1,41.469753000000004,-87.056862
Rhode Island,North Kingstown,1,41.502052666666664,-71.52552233333333
Rhode Island,West Kingston,1,41.504459999999995,-71.615046
Connecticut,Middlefield,1,41.514250000000004,-72.71876449999999
Iowa,Urbandale,1,41.63008166666666,-93.76054599999999
Illinois,Lincolnwood,1,41.652259571428566,-88.05778171428571
Indiana,Mishawaka,1,41.66576033333334,-86.16370966666666
Illinois,Bolingbrook,1,41.683462999999996,-88.12842466666666
Connecticut,Glastonbury,1,41.707605666666666,-72.57187433333333
Connecticut,West Hartford,1,41.80056533333333,-72.78071083333334
Connecticut,Willington,1,41.88180966666666,-72.254409
Iowa,Menlo,1,41.90001566666667,-94.67571
Illinois,Saint Charles,1,41.944651666666665,-88.33181366666668
Illinois,Glencoe,1,42.008559500000004,-87.90055749999999
Massachusetts,South Easton,1,42.04553433333333,-71.300872
Massachusetts,Foxboro,1,42.062930333333334,-71.22816333333334
Massachusetts,Springfield,1,42.109025505050454,-72.58718043434332
Massachusetts,Braintree,1,42.160838749999996,-70.9375705
Massachusetts,Dedham,1,42.21940433333333,-71.139956
Massachusetts,Northborough,1,42.220949499999996,-71.763559
Massachusetts,Westwood,1,42.222128999999995,-71.19450699999999
Michigan,Ypsilanti,1,42.232127250000005,-83.6053
Massachusetts,Quincy,1,42.256227833333334,-71.02286316666668
Massachusetts,Worcester,1,42.26857518181814,-71.80861043434338
Massachusetts,Chestnut Hill,1,42.317702499999996,-71.1614535
Michigan,Battle Creek,1,42.31772757142857,-85.15585314285714
Illinois,Freeport,1,42.320766500000005,-89.614195
Massachusetts,Granville,1,42.34715383333333,-72.59602633333334
Massachusetts,Weston,1,42.403448999999995,-71.38141949999999
Iowa,Waterloo,1,42.48891620000004,-92.33978277999994
Massachusetts,Groton,1,42.50151733333333,-71.494693
Massachusetts,Harvard,1,42.511248499999994,-71.58768699999999
Michigan,Walled Lake,1,42.609137000000004,-83.43178
New York,Troy,1,42.77440333333333,-73.99304988888888
New York,La Fayette,1,42.878638499999994,-76.084809
New Hampshire,Hampton Falls,1,42.935652000000005,-70.86011533333333
Michigan,Grandville,1,42.965239333333336,-85.671341
Wisconsin,New Berlin,1,42.985576333333334,-88.14409233333333
Wisconsin,Waukesha,1,43.007381800000005,-88.26022100000002
Wisconsin,Brookfield,1,43.04740433333333,-88.18826433333334
New Hampshire,Concord,1,43.25587614285714,-71.583885
New Hampshire,Rochester,1,43.31957414285715,-70.97994842857143
Wisconsin,Neenah,1,43.942463333333336,-88.53264133333333
Maine,Westbrook,1,44.06947983333333,-70.172577
Wisconsin,Manitowoc,1,44.094803750000004,-87.67902624999999
Maine,Lewiston,1,44.131631500000005,-70.23666375
Vermont,Winooski,1,44.496809999999996,-73.183506
Oregon,Corvallis,1,44.56700825000001,-123.29271612500003
Oregon,Sherwood,1,44.71973666666667,-123.29438566666666
Oregon,Salem,1,44.83009785714287,-123.00064885714285
Minnesota,Maple Plain,1,45.028699428571436,-93.55846214285715
Minnesota,Litchfield,1,45.164544500000005,-94.4981205
Michigan,Traverse City,1,45.17133033333334,-86.04434333333334
Oregon,Gresham,1,45.483539666666665,-122.41924433333332
Washington,Stevenson,1,45.689980500000004,-121.93444600000001
Idaho,Mesa,1,46.071869500000005,-116.1356955
Minnesota,Duluth,1,46.806749200000006,-92.11476683999997
North Dakota,Bismarck,1,46.87536971428572,-100.66170028571428
Washington,Gig Harbor,1,47.329240500000004,-122.652546
Washington,Milton,1,47.563780333333334,-120.69938433333334
Washington,Woodinville,1,47.75130166666667,-122.09389600000002
Washington,Poulsbo,1,47.776542000000006,-122.631706
Washington,Lynnwood,1,47.864565999999996,-122.18623366666667
Washington,Everett,1,47.94299522222221,-122.11099970370371
Alaska,Ketchikan,1,55.62478266666667,-131.55735
